tier,record_id,doi,year,title,venue,found_via_person,evidence,verdict,evidence_url,notes
verified,iit_ropar-003754,https://doi.org/10.1021/acsanm.1c00325,2021,Density Functional Theory Study of Li-Functionalized Nanoporous R-Graphyne–Metal–Organic Frameworks for Reversible Hydrogen Storage,ACS Applied Nano Materials,Dhilip Kumar T J (0000-0002-1208-4112); Rohit Sathe (0000-0003-2245-4401); T. J. Dhilip Kumar [roster:Chemistry],"aff:crossref,orcid_tenure,orcid_untimed,roster_crossref_author",yes,https://api.crossref.org/works/10.1021/acsanm.1c00325,"Rohit Y. Sathe: ""Quantum Dynamics Laboratory, Department of Chemistry, Indian Institute of Technology Ropar, Rupnagar 140001, India"" (Crossref, publisher-deposited)"
verified,iit_ropar-010466,https://doi.org/10.1109/jiot.2025.3532298,2025,NCDT-CSS: Enhancing Performance Using Noncoherent Distributed Transmission of Chirp Spread Spectrum,IEEE Internet of Things Journal,Satyam Agarwal (0000-0002-1847-2773); Akanksha Gupta (0009-0002-3518-1780); Satyam Agarwal [roster:Electrical Engineering],"aff:crossref,orcid_tenure,roster_crossref_author,roster_orcid",yes,https://api.crossref.org/works/10.1109/jiot.2025.3532298,"Akanksha Gupta: ""Department of Electrical Engineering, Indian Institute of Technology Ropar, Ropar, India"" (Crossref, publisher-deposited)"
verified,iit_ropar-010575,https://doi.org/10.1109/wacv61041.2025.00449,2025,PULSE: Physiological Understanding with Liquid Signal Extraction,2025 IEEE/CVF Winter Conference on Applications of Computer Vision (WACV),santosh vipparthi (0000-0002-5672-3537); M. Subrahmanyam; Santosh Kumar Vipparthi [roster:Artificial Intelligence and Data Engineering],"aff:crossref,dblp_person,orcid_tenure,roster_crossref_author,roster_orcid",yes,https://api.crossref.org/works/10.1109/wacv61041.2025.00449,"Sania Bano: ""Indian Institute of Technology,Ropar,India"" (Crossref, publisher-deposited)"
verified,iit_ropar-005268,https://doi.org/10.1115/msec2022-85205,2022,Experimental and Numerical Investigation of Heat Assisted Incremental Sheet Forming Process of Magnesium Alloy,Volume 2: Manufacturing Processes; Manufacturing Systems,Anupam Agrawal [roster:Mechanical Engineering],"aff:crossref,roster_crossref_author",yes,https://api.crossref.org/works/10.1115/msec2022-85205,"Narinder Kumar: ""IIT Ropar , Punjab, India"" (Crossref, publisher-deposited)"
verified,iit_ropar-001331,https://doi.org/10.1021/acsami.8b07310,2018,Hydrazone-Linkage-Based Self-Healing and Injectable Xanthan–Poly(ethylene glycol) Hydrogels for Controlled Drug Release and 3D Cell Culture,ACS Applied Materials & Interfaces,Yashveer Singh (0000-0003-1625-8156); Sagarika Taneja (0009-0002-8745-5915); Yashveer Singh [roster:Chemistry],"aff:crossref,aff:europepmc,orcid_tenure,roster_crossref_author",yes,https://api.crossref.org/works/10.1021/acsami.8b07310,"Peeyush Kumar Sharma: ""Department of Chemistry, Indian Institute of Technology Ropar, Rupnagar 140001 Punjab, India"" (Crossref, publisher-deposited)"
verified,iit_ropar-004631,https://doi.org/10.1115/1.4050715,2021,Use of Cuckoo Search Algorithm for Performance Evaluation of Split Elliptic Shaped Fins for Enhanced Rate of Heat Transfer,Journal of Heat Transfer,Ranjan Das (0000-0001-9693-5895); Ranjan Das [roster:Mechanical Engineering],"aff:crossref,orcid_tenure,roster_crossref_author,roster_orcid",yes,https://api.crossref.org/works/10.1115/1.4050715,"Ranjan Das: ""Department of Mechanical Engineering, Indian Institute of Technology Ropar, Punjab 140001, India"" (Crossref, publisher-deposited)"
verified,iit_ropar-008138,https://doi.org/10.1080/1540496x.2024.2310027,2024,Do Different Credit Flows Affect the Current Account Differently? Evidence from Emerging Economies,Emerging Markets Finance and Trade,Bhavesh Garg (0000-0003-2573-6084); Bhavesh Garg [roster:Humanities and Social Sciences],"aff:crossref,orcid_tenure,roster_crossref_author,roster_orcid",yes,https://api.crossref.org/works/10.1080/1540496x.2024.2310027,"Bhavesh Garg: ""Indian Institute of Technology Ropar, Punjab, India"" (Crossref, publisher-deposited)"
verified,iit_ropar-008287,https://doi.org/10.4114/intartif.vol27iss74pp166-180,2024,EpilConNet: A Novel Multi-Class Epileptic Seizure Classification Model,Inteligencia Artificial,Shivam Gupta (0000-0003-0633-3917); Shivam Gupta,"aff:doaj,dblp_person,orcid_tenure",yes,https://journal.iberamia.org/index.php/intartif/article/view/1524,"Landing page citation_author_institution: ""Indian Insitute of Technology Ropar, Punjab, India"""
verified,iit_ropar-009199,https://doi.org/10.1016/j.omtn.2024.102286,2024,The multifaceted roles of circular RNAs in cancer hallmarks: From mechanisms to clinical implications,Molecular Therapy - Nucleic Acids,Srivatsava Naidu [roster:Biomedical Engineering],"aff:europepmc,roster_crossref_author",yes,https://www.ebi.ac.uk/europepmc/webservices/rest/search?query=DOI:10.1016/j.omtn.2024.102286&resultType=core&format=json,"Kundu I: ""Department of Biomedical Engineering, Indian Institute of Technology Ropar, Rupnagar, Punjab, India."" (Europe PMC)"
verified,iit_ropar-010446,https://doi.org/10.1109/iatmsi64286.2025.10984785,2025,Multi-State Resistance Tuning via Voltage Ramp Rates in Ni/Mo/MoO3/Ni Memristors for High-Density Memory Applications,2025 IEEE International Conference on Interdisciplinary Approaches in Technology and Management for Social Innovation (IATMSI),,aff:crossref,yes,https://api.crossref.org/works/10.1109/iatmsi64286.2025.10984785,"Vipul Kumar Nishad: ""Indian Institute of Technology Ropar,Department of Electrical Engineering,Rupnagar,India"" (Crossref, publisher-deposited)"
verified,iit_ropar-007602,https://doi.org/10.1109/tmm.2022.3225712,2023,Unified Multi-Weather Visibility Restoration,IEEE Transactions on Multimedia,M. Subrahmanyam; Subrahmanyam Murala [roster:Electrical Engineering]; Subrahmanyam Murala (0000-0002-1407-6204),"aff:crossref,dblp_person,orcid_tenure,roster_crossref_author,roster_orcid",yes,https://api.crossref.org/works/10.1109/tmm.2022.3225712,"Ashutosh Kulkarni: ""Computer Vision and Pattern Recognition Laboratory, Department of Electrical Engineering, Indian Institute of Technology Ropar, Rupnagar, Punjab, Indi"" (Crossref, publisher-deposited)"
verified,iit_ropar-009676,https://doi.org/10.1145/3774521.3774555,2025,CSGaze: Context-aware Social Gaze Prediction,"Proceedings of the Sixteen Indian Conference on Computer Vision, Graphics and Image Processing",Abhinav Dhall [roster:Computer Science and Engineering]; Ramanathan Subramanian [roster:Computer Science and Engineering]; Shreya Ghosh,"aff:crossref,dblp_person,roster_arxiv,roster_crossref_author",yes,https://api.crossref.org/works/10.1145/3774521.3774555,"Surbhi Madan: ""IIT Ropar, Ropar, India"" (Crossref, publisher-deposited)"
verified,iit_ropar-001722,https://doi.org/10.1080/1206212x.2019.1624314,2019,A novel Map-Scan-Reduce based density peaks clustering and privacy protection approach for large datasets,International Journal of Computers and Applications,Satya Jaswanth Badri (0000-0001-5800-060X),"aff:crossref,orcid_tenure",yes,https://api.crossref.org/works/10.1080/1206212x.2019.1624314,"SatyaJaswanth Badri: ""Computer Science and Engineering, Indian Institute of Technology Ropar"" (Crossref, publisher-deposited)"
verified,iit_ropar-004489,https://doi.org/10.1016/j.jconrel.2021.03.021,2021,Stimuli responsive and receptor targeted iron oxide based nanoplatforms for multimodal therapy and imaging of cancer: Conjugation chemistry and alternative therapeutic strategies,Journal of Controlled Release,SHILPA SHARMA (0000-0002-2239-5985),"aff:europepmc,orcid_tenure",yes,https://www.ebi.ac.uk/europepmc/webservices/rest/search?query=DOI:10.1016/j.jconrel.2021.03.021&resultType=core&format=json,"Sharma S: ""Department of Chemistry, Indian Institute of Technology, Ropar, Rupnagar, Punjab 140001, India."" (Europe PMC)"
verified,iit_ropar-011004,https://doi.org/10.1021/acs.iecr.5c02065,2025,Upcycling Waste Electronic Chips into Metallic Catalysts for Sustainable Biomass Valorization into Fuel Additives and Fine Chemicals,Industrial & Engineering Chemistry Research,Dr. Arzoo Chauhan (0000-0002-8564-087X); Rajendra Srivastava [roster:Chemistry],"aff:crossref,orcid_tenure,roster_crossref_author",yes,https://api.crossref.org/works/10.1021/acs.iecr.5c02065,"Arzoo Chauhan: ""Indian Institute of Technology Ropar"" (Crossref, publisher-deposited)"
verified,iit_ropar-010464,https://doi.org/10.1111/imm.70050,2025,Mycobacterium tuberculosis Acr1 Protein Mitigates Experimental Autoimmune Encephalomyelitis Symptoms by Generating Myeloid‐Derived Suppressor Cells and Regulatory T Cells,Immunology,Jonaid ahmad Malik (0000-0001-6684-6744); Taruna Lamba (0009-0004-6893-2936),"aff:crossref,aff:europepmc,orcid_tenure",yes,https://api.crossref.org/works/10.1111/imm.70050,"Taruna Lamba: ""Immunology Laboratory, Department of Biomedical Engineering Indian Institute of Ropar  Rupnagar India"" (Crossref, publisher-deposited)"
verified,iit_ropar-002191,https://doi.org/10.1109/ants47819.2019.9118089,2019,Modeling and Performance Analysis of FFR-aided Dense Cellular Network in 3-D Environment,2019 IEEE International Conference on Advanced Networks and Telecommunications Systems (ANTS),Suman Kumar; Suman Kumar [roster:Electrical Engineering],"aff:crossref,dblp_person,roster_crossref_author",yes,https://api.crossref.org/works/10.1109/ants47819.2019.9118089,"Deepak Saluja: ""Indian Institute of Technology,Department of Electrical Engineering,Ropar,India"" (Crossref, publisher-deposited)"
verified,iit_ropar-006915,https://doi.org/10.1021/acs.joc.3c00272,2023,In-Catalyzed Transfer Hydrogenation and Regioselective Hydrogen–Deuterium Addition to the Olefins,The Journal of Organic Chemistry,GAUTAM KUMAR (0000-0001-6332-9143); Indranil Chatterjee [roster:Chemistry],"aff:crossref,aff:europepmc,orcid_tenure,roster_crossref_author",yes,https://api.crossref.org/works/10.1021/acs.joc.3c00272,"Gautam Kumar: ""Department of Chemistry, Indian Institute of Technology Ropar, Nangal Road, Rupnagar, Punjab 140001, India"" (Crossref, publisher-deposited)"
verified,iit_ropar-007512,https://doi.org/10.1109/tvt.2023.3295244,2023,TRASH: Traffic Aware Hybrid-CRAN Scheme for V2I Connectivity Enhancement,IEEE Transactions on Vehicular Technology,Sameer Kumar Singh (0000-0002-0775-8338); Rohit Singh (0000-0002-3330-1710); Brijesh Kumbhani [roster:Electrical Engineering],"aff:crossref,orcid_tenure,roster_crossref_author",yes,https://api.crossref.org/works/10.1109/tvt.2023.3295244,"Sameer Kumar Singh: ""Department of Electrical Engineering, Indian Institute of Technology Ropar, Rupnagar, Punjab, India"" (Crossref, publisher-deposited)"
verified,iit_ropar-010554,https://doi.org/10.1109/isorc65339.2025.00060,2025,Optimized Deep Learning for Anomalous Traffic Classification in Resource-Constrained IoT Networks: A Novel Approach,2025 28th International Symposium on Real-Time Distributed Computing (ISORC),Yayathi Pavan Kumar S (0009-0008-1128-6004); Sudeepta Mishra [roster:Computer Science and Engineering],"aff:crossref,orcid_tenure,roster_crossref_author",yes,https://api.crossref.org/works/10.1109/isorc65339.2025.00060,"Yayathi Pavan Kumar S: ""IIT Ropar,Department of CSE,Punjab,India"" (Crossref, publisher-deposited)"
verified,iit_ropar-009740,https://doi.org/10.3389/fpsyg.2025.1453991,2025,Compositional depths of cognitive semantics: bridging perceptual experiences and conceptual structures,Frontiers in Psychology,S Shalu (0009-0000-1540-0873),"aff:doaj,aff:europepmc,orcid_untimed",yes,https://www.ebi.ac.uk/europepmc/webservices/rest/search?query=DOI:10.3389/fpsyg.2025.1453991&resultType=core&format=json,"Shalu S: ""Department of Humanities and Social Science, Indian Institute of Technology-Ropar (IIT-Ropar), Rupnagar, India."" (Europe PMC)"
verified,iit_ropar-001725,https://doi.org/10.1042/bcj20190251,2019,"A novel small molecule A2A adenosine receptor agonist, indirubin-3′-monoxime, alleviates lipid-induced inflammation and insulin resistance in 3T3-L1 adipocytes",Biochemical Journal,Durba Pal (0000-0001-7672-3529); Durba Pal [roster:Biomedical Engineering],"aff:crossref,aff:europepmc,orcid_tenure,roster_crossref_author,roster_orcid",yes,https://api.crossref.org/works/10.1042/bcj20190251,"Leena Arora: ""Tissue Engineering and Regenerative Medicine Laboratory, Center for Biomedical Engineering, Indian Institute of Technology Ropar, Rupnagar 140001, Pun"" (Crossref, publisher-deposited)"
verified,iit_ropar-010522,https://doi.org/10.1109/lmwt.2024.3479326,2025,Octa-Port Dual-Polarized Antenna/Rectenna for MIMO Simultaneous Wireless Information and Power Transfer (SWIPT),IEEE Microwave and Wireless Technology Letters,Ashwani Sharma [roster:Electrical Engineering],"aff:crossref,roster_crossref_author",yes,https://api.crossref.org/works/10.1109/lmwt.2024.3479326,"Suraj Kumar Gupta: ""Electrical Engineering Department, Indian Institute of Technology at Ropar, Rupnagar, Punjab, India"" (Crossref, publisher-deposited)"
verified,iit_ropar-001750,https://doi.org/10.1016/j.msec.2018.11.007,2019,"Amine-functionalized, porous silica-coated NaYF4:Yb/Er upconversion nanophosphors for efficient delivery of doxorubicin and curcumin",Materials Science and Engineering: C,Yashveer Singh (0000-0003-1625-8156); Yashveer Singh [roster:Chemistry],"aff:europepmc,orcid_tenure,roster_crossref_author",yes,https://www.ebi.ac.uk/europepmc/webservices/rest/search?query=DOI:10.1016/j.msec.2018.11.007&resultType=core&format=json,"Sharma PK: ""Department of Chemistry, Indian Institute of Technology Ropar, Nangal Road, Rupnagar 140001, Punjab, India."" (Europe PMC)"
verified,iit_ropar-006596,https://doi.org/10.1111/ajsp.12585,2023,Ecological worldview moderates the mediation of implementation‐intentions found in the relationship between ecological concerns and pro‐environmental behaviour,Asian Journal of Social Psychology,Navneet Mishra (0000-0002-8926-4998); Parwinder Singh [roster:Humanities and Social Sciences],"aff:crossref,orcid_tenure,roster_crossref_author",yes,https://api.crossref.org/works/10.1111/ajsp.12585,"Navneet Mishra: ""Department of Humanities and Social Sciences Indian Institute of Technology Ropar  Rupnagar Punjab India"" (Crossref, publisher-deposited)"
likely,iit_ropar-000082,https://doi.org/10.1002/chin.201616032,2016,ChemInform Abstract: An Eco‐Friendly Route to N‐Arylindoles by Iron‐Catalyzed [2 + 2 + 2] Cycloaddition of Diynes with (Indol‐1‐yl)alkynes.,ChemInform,Avijit Goswami [roster:Chemistry],roster_crossref_author,unknown,https://doi.org/10.1002/chin.201616032,"ChemInform abstract; Wiley page bot-blocked, no affiliation metadata"
likely,iit_ropar-009928,https://doi.org/10.1016/j.combustflame.2024.113846,2025,Effects of noise intensity on early warning indicators of thermoacoustic instability: An experimental investigation on a lean-premixed combustion system,Combustion and Flame,Lipika Kabiraj [roster:Mechanical Engineering],roster_crossref_author,unknown,https://doi.org/10.1016/j.combustflame.2024.113846,publisher page bot-blocked (ScienceDirect 403); no Crossref/EuropePMC affiliations; no OA copy found
likely,iit_ropar-002935,https://doi.org/10.1109/tcad.2019.2944584,2020,High-Throughput CNN Inference on Embedded ARM Big.LITTLE Multicore Processors,IEEE Transactions on Computer-Aided Design of Integrated Circuits and Systems,Neeraj Goel (0000-0003-3824-9437); Neeraj Goel [roster:Computer Science and Engineering],"orcid_untimed,roster_crossref_author,roster_orcid",yes,https://arxiv.org/pdf/1903.05898,"arXiv version of the paper: ""N. Goel is with the Department of Computer Science and Engineering, Indian Institute of Technology Ropar"""
likely,iit_ropar-011319,https://doi.org/10.1016/j.physe.2025.116358,2026,Charge polarization-driven type-II band alignment and enhanced piezoelectricity in tin nitride halide heterostructures,Physica E: Low-dimensional Systems and Nanostructures,Abir De Sarkar [roster:Physics],roster_crossref_author,unknown,https://doi.org/10.1016/j.physe.2025.116358,"publisher page bot-blocked (ScienceDirect 403); no Crossref/EuropePMC affiliations; no OA copy found (A. De Sarkar is likely INST Mohali, not IIT Ropar - unverified)"
likely,iit_ropar-001866,https://doi.org/10.1109/icesip46348.2019.8938298,2019,Control Approach to Improve the Power Quality for Effective Utilization of Single Phase Induction Generator,"2019 IEEE 1st International Conference on Energy, Systems and Information Processing (ICESIP)",Rakesh Maurya [roster:Mechanical Engineering],roster_crossref_author,unknown,https://doi.org/10.1109/icesip46348.2019.8938298,IEEE Xplore bot-blocked (202 challenge); no Crossref affiliations; no OA copy found (power-electronics R. Maurya likely SVNIT Surat namesake - unverified)
likely,iit_ropar-008427,https://doi.org/10.1016/j.est.2024.113995,2024,Harnessing MBene termination for superior anode interfaces in Li/Ca-ion batteries,Journal of Energy Storage,Rajeev Ahuja [roster:Physics],roster_crossref_author,unknown,https://doi.org/10.1016/j.est.2024.113995,publisher page bot-blocked (ScienceDirect 403); no Crossref/EuropePMC affiliations; no OA copy found
likely,iit_ropar-002576,https://doi.org/10.2139/ssrn.3527256,2020,Analysis of NOMA for QAM-64 Transmission Schemes,SSRN Electronic Journal,Arun Kumar [roster:Mathematics],roster_crossref_author,unknown,https://doi.org/10.2139/ssrn.3527256,SSRN page blocked (403); no affiliation metadata
likely,iit_ropar-002724,https://doi.org/10.1109/smart50582.2020.9337128,2020,Design and Implementation of an Efficient Buffer Management System for Network on Chip Routers,2020 9th International Conference System Modeling and Advancement in Research Trends (SMART),Manoj Kumar Pandey [roster:Chemistry],roster_crossref_author,unknown,https://doi.org/10.1109/smart50582.2020.9337128,IEEE Xplore bot-blocked (202 challenge); no Crossref affiliations; no OA copy found (co-authors suggest Amity namesake - unverified)
likely,iit_ropar-001713,https://doi.org/10.1016/j.tetlet.2019.04.029,2019,A dipodal thiourea-ionic liquid conjugate system for selective ratiometric detection of HSO4− ion in purely aqueous medium: Application to real sample analysis,Tetrahedron Letters,Deepak Bains (0000-0001-7214-8504); Narinder Singh [roster:Chemistry],"orcid_tenure,roster_crossref_author",unknown,https://doi.org/10.1016/j.tetlet.2019.04.029,publisher page bot-blocked (ScienceDirect 403); no Crossref/EuropePMC affiliations; no OA copy found
likely,iit_ropar-004788,https://doi.org/10.1216/rmj.2022.52.49,2022,A series representation of Euler–Stieltjes constants and an identity of Ramanujan,Rocky Mountain Journal of Mathematics,Tapas Chatterjee [roster:Mathematics],roster_crossref_author,unknown,https://projecteuclid.org/journals/rocky-mountain-journal-of-mathematics/volume-52/issue-1/A-series-representation-of-EulerStieltjes-constants-and-an-infinite-product/10.1216/rmj.2022.52.49.full,Project Euclid page shows authors but no affiliations; no arXiv copy found
likely,iit_ropar-010911,https://doi.org/10.48550/arxiv.2501.17051,2025,The fluid dynamics of liquid mushrooms,arXiv,Devranjan Samanta [roster:Mechanical Engineering]; Purbarun Dhar [roster:Mechanical Engineering],roster_arxiv,yes,https://arxiv.org/pdf/2501.17051,"arXiv PDF: ""Department of Mechanical Engineering, Indian Institute of Technology Ropar, Punjab - 140001"""
likely,iit_ropar-003049,https://doi.org/10.1016/j.physa.2019.123300,2020,Mean-field dispersal induced synchrony and stability in an epidemic model under patchy environment,Physica A: Statistical Mechanics and its Applications,Arvind Kumar Gupta (0000-0001-6671-6747); Arvind Kumar Gupta [roster:Mathematics],"orcid_tenure,roster_crossref_author,roster_orcid",unknown,https://doi.org/10.1016/j.physa.2019.123300,publisher page bot-blocked (ScienceDirect 403); no Crossref/EuropePMC affiliations; no OA copy found
likely,iit_ropar-005571,https://doi.org/10.1108/compel-12-2021-0497,2022,Modified active power-MRAS for limited range variable speed sensorless brushless doubly-fed reluctance machine drive,COMPEL - The international journal for computation and mathematics in electrical and electronic engineering,Mukesh Kumar [roster:Physics],roster_crossref_author,unknown,https://doi.org/10.1108/compel-12-2021-0497,Emerald page behind Cloudflare challenge; no affiliation metadata (co-author S. Das suggests IIT(ISM) namesake - unverified)
likely,iit_ropar-009432,https://doi.org/10.1007/s12095-025-00806-6,2025,A note on cyclic MDS and non-MDS matrices,Cryptography and Communications,AYANTIKA LAHA (0000-0001-8406-3006); Tapas Chatterjee [roster:Mathematics],"orcid_untimed,roster_arxiv,roster_crossref_author",yes,https://link.springer.com/article/10.1007/s12095-025-00806-6,"Springer meta: Tapas Chatterjee - ""Indian Institute of Technology Ropar, Ropar, India"""
likely,iit_ropar-007500,https://doi.org/10.1007/s00521-023-09206-4,2023,SwinDTI: swin transformer-based generalized fast estimation of diffusion tensor parameters from sparse data,Neural Computing and Applications,Abhishek Tiwari [roster:Metallurgical and Materials Engineering],roster_crossref_author,no,https://link.springer.com/article/10.1007/s00521-023-09206-4,"All authors: ""Dept of CSE, Shiv Nadar Institution of Eminence, Delhi NCR"" - namesake of roster Abhishek Tiwari"
likely,iit_ropar-003567,https://doi.org/10.1109/mass52906.2021.00084,2021,An Intrusion Detection System on Fog Architecture,2021 IEEE 18th International Conference on Mobile Ad Hoc and Smart Systems (MASS),Nitin Auluck [roster:Computer Science and Engineering],roster_crossref_author,unknown,https://doi.org/10.1109/mass52906.2021.00084,IEEE Xplore bot-blocked (202 challenge); no Crossref affiliations; no OA copy found
likely,iit_ropar-000040,https://doi.org/10.1109/icraie.2016.7939503,2016,An execution of smart grid with game theory,2016 International Conference on Recent Advances and Innovations in Engineering (ICRAIE),Pushpendra P. Singh [roster:Physics],roster_crossref_author,unknown,https://doi.org/10.1109/icraie.2016.7939503,IEEE Xplore bot-blocked (202 challenge); no Crossref affiliations; no OA copy found
likely,iit_ropar-008787,https://doi.org/10.1016/j.ijfatigue.2023.108109,2024,Numerical validation of fatigue properties and investigation of local deformation of heat-affected zones in P91 steel’s weld joint,International Journal of Fatigue,Rajat Dhiman (0000-0001-8773-483X); Samir Chandra Roy [roster:Mechanical Engineering],"orcid_tenure,roster_crossref_author,roster_orcid",unknown,https://doi.org/10.1016/j.ijfatigue.2023.108109,publisher page bot-blocked (ScienceDirect 403); no Crossref/EuropePMC affiliations; no OA copy found
likely,iit_ropar-005157,https://doi.org/10.9734/ijpss/2022/v34i2031204,2022,"Effect of Different Sowing Environment on Growth Parameters, Yield and Yield Components of Chickpea (Cicer aretinum L.) Varities",International Journal of Plant & Soil Science,Abhishek Tiwari [roster:Metallurgical and Materials Engineering],roster_crossref_author,unknown,https://doi.org/10.9734/ijpss/2022/v34i2031204,publisher page behind Cloudflare challenge (403); no Crossref affiliations; no OA copy found (agronomy paper; likely namesake)
likely,iit_ropar-004008,https://doi.org/10.7759/cureus.13156,2021,Gastric Perforation Secondary to Fungal Gastritis in an Immuno-Competent Adult,Cureus,Navin Kumar [roster:Mechanical Engineering],roster_crossref_author,no,https://www.ebi.ac.uk/europepmc/webservices/rest/search?query=DOI:10.7759/cureus.13156&resultType=core&format=json,"Navin Kumar: ""General Surgery, AIIMS Rishikesh"" (also in Cureus PDF) - namesake"
likely,iit_ropar-011610,https://doi.org/10.9734/arrb/2026/v41i102454,2026,"Exploring Genetic Variability, Heritability and Genetic Advance for Yield and Its Component Traits in Indian Mustard (Brassica juncea L. Czern. & Coss.)",Annual Research & Review in Biology,Abhishek Kumar Singh [roster:Electrical Engineering],roster_crossref_author,unknown,https://doi.org/10.9734/arrb/2026/v41i102454,publisher page behind Cloudflare challenge (403); no Crossref affiliations; no OA copy found (plant-genetics paper; likely namesake)
likely,iit_ropar-008497,https://doi.org/10.1016/j.jobe.2024.109360,2024,In-plan distribution of peak floor acceleration demands in torsionally irregular buildings,Journal of Building Engineering,Ankur Jain (0000-0002-9707-1344); Mitesh Surana [roster:Civil Engineering],"orcid_tenure,roster_crossref_author",unknown,https://doi.org/10.1016/j.jobe.2024.109360,publisher page bot-blocked (ScienceDirect 403); no Crossref/EuropePMC affiliations; no OA copy found
likely,iit_ropar-010318,https://doi.org/10.7759/cureus.77428,2025,Isolated Gallbladder Melanoma: A Diagnostic Conundrum of Primary vs. Metastatic Disease,Cureus,Rohit Sharma [roster:Electrical Engineering],roster_crossref_author,no,https://assets.cureus.com/uploads/case_report/pdf/333736/20250114-1837559-xvxhmt.pdf,"Rohit Sharma: ""Surgical Oncology, Marshfield Medical Center, Marshfield, USA"" - namesake"
likely,iit_ropar-000710,https://doi.org/10.1007/978-981-10-7575-9_1,2017,Horizons in Internal Combustion Research,"Energy, Environment, and Sustainability",Rakesh Kumar Maurya (0000-0002-2698-7304); Rakesh Maurya [roster:Mechanical Engineering],"orcid_tenure,roster_crossref_author,roster_orcid",yes,https://link.springer.com/chapter/10.1007/978-981-10-7575-9_1,"Springer meta: Rakesh Kumar Maurya - ""Indian Institute of Technology Ropar"""
likely,iit_ropar-003273,https://doi.org/10.1201/9781003009092-2,2020,Securing IoT with Blockchain,Securing IoT and Big Data,Sujata Pal [roster:Computer Science and Engineering],roster_crossref_author,unknown,https://www.taylorfrancis.com/chapters/edit/10.1201/9781003009092-2,Taylor & Francis chapter page shows no affiliations
likely,iit_ropar-008508,https://doi.org/10.1155/2024/6824128,2024,Influence of Microfin Tube on Heat Transfer during Flow Boiling of R134a Refrigerant,Journal of Engineering,Dr. SANDIPAN DEB (0000-0003-4899-1360),orcid_tenure,unknown,https://doi.org/10.1155/2024/6824128,Wiley/Hindawi page and PDF bot-blocked (403); no affiliation metadata
likely,iit_ropar-000894,https://doi.org/10.1016/j.cherd.2017.04.031,2017,Simultaneous optimization of performance parameters and energy consumption in induced draft cooling towers,Chemical Engineering Research and Design,Ranjan Das (0000-0001-9693-5895); Kuljeet Singh Grewal (0000-0002-6620-0609); Ranjan Das [roster:Mechanical Engineering],"orcid_tenure,roster_crossref_author,roster_orcid",unknown,https://doi.org/10.1016/j.cherd.2017.04.031,publisher page bot-blocked (ScienceDirect 403); no Crossref/EuropePMC affiliations; no OA copy found
likely,iit_ropar-000727,https://doi.org/10.1007/s00396-017-4132-7,2017,Influence of temperature and particle concentration on the pH of complex nanocolloids,Colloid and Polymer Science,Purbarun Dhar [roster:Mechanical Engineering],roster_crossref_author,yes,https://link.springer.com/article/10.1007/s00396-017-4132-7,"Springer meta: Purbarun Dhar - ""Department of Mechanical Engineering, Indian Institute of Technology Ropar, Rupnagar"""
likely,iit_ropar-011407,https://doi.org/10.1016/j.est.2026.123367,2026,Deep learning based optimization framework for phase change material-metal foam composite thermal energy storage systems,Journal of Energy Storage,Manish Agrawal (0000-0001-8682-3064); Manish Agrawal [roster:Mechanical Engineering],"orcid_untimed,roster_crossref_author,roster_orcid",unknown,https://doi.org/10.1016/j.est.2026.123367,publisher page bot-blocked (ScienceDirect 403); no Crossref/EuropePMC affiliations; no OA copy found
likely,iit_ropar-001349,https://doi.org/10.18203/2349-3933.ijam20180073,2018,Incidence of tuberculosis in nondialysis-requiring CKD patients,International Journal of Advances in Medicine,Arvind Kumar Gupta [roster:Mathematics],roster_crossref_author,no,https://www.ijmedicine.com/index.php/ijam/article/view/875,"Arvind Gupta: ""Department of Nephrology, Moti Lal Nehru Medical College, Allahabad"" - namesake"
likely,iit_ropar-000613,https://doi.org/10.1016/j.jclepro.2017.07.235,2017,Dry machining: A step towards sustainable machining – Challenges and future directions,Journal of Cleaner Production,Prabir Sarkar (0000-0002-1649-7678); Prabir Sarkar [roster:Mechanical Engineering],"orcid_tenure,roster_crossref_author,roster_orcid",unknown,https://doi.org/10.1016/j.jclepro.2017.07.235,publisher page bot-blocked (ScienceDirect 403); no Crossref/EuropePMC affiliations; no OA copy found
likely,iit_ropar-000262,https://doi.org/10.1109/tdei.2016.7556508,2016,Life estimation using damage equalization method and step-stress breakdown tests,IEEE Transactions on Dielectrics and Electrical Insulation,Chakradhar Reddy Chandupatla (0000-0002-7576-6735),orcid_tenure,unknown,https://doi.org/10.1109/tdei.2016.7556508,IEEE Xplore bot-blocked (202 challenge); no Crossref affiliations; no OA copy found
likely,iit_ropar-000569,https://doi.org/10.1016/b978-0-12-803581-8.03733-4,2017,Conducting Polymer Solution and Gel Processing,Reference Module in Materials Science and Materials Engineering,Narinder Singh [roster:Chemistry],roster_crossref_author,unknown,https://doi.org/10.1016/b978-0-12-803581-8.03733-4,publisher page bot-blocked (ScienceDirect 403); no Crossref/EuropePMC affiliations; no OA copy found (Crossref authors Smith/Weder/Majumdar; Narinder Singh not obviously an author)
likely,iit_ropar-007944,https://doi.org/10.1140/epjc/s10052-024-13636-2,2024,Black hole to grey hole metamorphosis in the deep quantum regime,The European Physical Journal C,Harpreet Singh [roster:Mechanical Engineering],roster_crossref_author,no,https://link.springer.com/article/10.1140/epjc/s10052-024-13636-2,"Both authors: ""Department of Physics, IIT Guwahati"" - namesake of roster Harpreet Singh (Mech)"
likely,iit_ropar-000410,https://doi.org/10.1007/978-3-319-15338-4_51,2016,Surface Decoration of Organic Ligands on Quantum Dots: Fine Tuning of Photophysical Properties,Handbook of Nanoparticles,Narinder Singh [roster:Chemistry],roster_crossref_author,yes,https://link.springer.com/rwe/10.1007/978-3-319-15338-4_51,"Springer meta: Narinder Singh - ""Indian Institute of Technology Ropar (IIT Ropar)"""
likely,iit_ropar-007036,https://doi.org/10.1007/s10956-023-10051-2,2023,"Measuring the Impact of Augmented Reality in Flipped Learning Mode on Critical Thinking, Learning Motivation, and Knowledge of Engineering Students",Journal of Science Education and Technology,Narinder Singh [roster:Chemistry],roster_crossref_author,no,https://link.springer.com/article/10.1007/s10956-023-10051-2,"Narinder Pal Singh: ""Institute of Engineering and Technology, Chitkara University, Punjab"" - namesake"
likely,iit_ropar-001794,https://doi.org/10.1088/1742-6596/1240/1/012087,2019,Assessment of desiccant assisted compression and absorption based air-conditioning systems for hot-dry and composite climates,Journal of Physics: Conference Series,Ranjan Das (0000-0001-9693-5895); Ranjan Das [roster:Mechanical Engineering]; Gaurav Singh (0009-0002-7287-5992),"orcid_tenure,roster_crossref_author,roster_orcid",yes,https://iopscience.iop.org/article/10.1088/1742-6596/1240/1/012087/pdf,"PDF: Ranjan Das - ""Department of Mechanical Engineering, Indian Institute of Technology Ropar, Rupnagar"""
likely,iit_ropar-010032,https://doi.org/10.1007/978-981-96-7659-0_33,2025,Experimental Investigation of Electrical Discharge Machining Parameters for Machining of Biodegradable AZ31BMg Using the OVAT Method,Lecture Notes in Mechanical Engineering,Abhishek Kumar Singh [roster:Electrical Engineering],roster_crossref_author,no,https://link.springer.com/chapter/10.1007/978-981-96-7659-0_33,"Springer meta: ""National Institute of Technology Patna"" - namesake"
likely,iit_ropar-004343,https://doi.org/10.18805/lr-4599,2021,Productivity and Profitability of Fodder Cowpea Cultivars under Various Zinc Management Practices in IGP of India,LEGUME RESEARCH - AN INTERNATIONAL JOURNAL,Rakesh kumar [roster:Biomedical Engineering]; Rakesh Kumar [roster:Physics],roster_crossref_author,no,https://arccjournals.com/journal/legume-research-an-international-journal/LR-4599,"All authors: ""ICAR-National Dairy Research Institute, Karnal"" - namesake"
likely,iit_ropar-000724,https://doi.org/10.1007/978-3-319-66697-6_24,2017,Independent Loops Selection in a Hydraulic Looped Network,Lecture Notes in Mechanical Engineering,Manoranjan Mishra (0000-0001-9933-5828); Manoranjan Mishra [roster:Mathematics],"orcid_tenure,roster_crossref_author,roster_orcid",yes,https://link.springer.com/chapter/10.1007/978-3-319-66697-6_24,"Springer meta: Manoranjan Mishra - ""Indian Institute of Technology Ropar"""
possible,iit_ropar-011818,TODO,2026,Insights into the Black hole physics: recent trends and developments,"Bhoutiki Pradnya Magazine, Astronomy & Astrophysics Edition, Vol. 2, Issue 1.",Bhaskar Singh Rawat (0009-0009-4527-2601),orcid_tenure,unknown,,No DOI; magazine article not found online
possible,iit_ropar-002971,https://doi.org/10.1007/978-3-030-44758-8_28,2020,Immiscible Liquid-Liquid Flow in Coiled Tube,"Proceedings in Adaptation, Learning and Optimization",Nazim Ali (0000-0003-2365-6590),orcid_untimed,no,https://link.springer.com/chapter/10.1007/978-3-030-44758-8_28,"Springer meta: ""University School of Chemical Technology, Guru Gobind Singh Indraprastha University"""
possible,iit_ropar-007729,https://doi.org/10.1504/ijcc.2024.137409,2024,A comparative study of collision avoidance medium access control protocols in internet-of-things,International Journal of Cloud Computing,Sachin Kumar [roster:Mechanical Engineering],roster_crossref_author,unknown,https://doi.org/10.1504/ijcc.2024.137409,Inderscience page behind Cloudflare challenge; no affiliation metadata
possible,iit_ropar-000423,https://doi.org/10.1007/s10948-016-3909-0,2016,The Magnetic Properties of the Mixed Ferrimagnetic Ising System with Random Crystal Field,Journal of Superconductivity and Novel Magnetism,Rajeev Ahuja [roster:Physics],roster_orcid,no,https://link.springer.com/article/10.1007/s10948-016-3909-0,"R. Ahuja: ""Condensed Matter Theory Group, Uppsala University, Sweden"" (2016, before he joined IIT Ropar)"
possible,iit_ropar-000400,TODO,2016,SpotGarbage: Smartphone App to Detect Garbage using Deep Learning,Proceedings of the 2016 ACM International Joint Conference on Pervasive and Ubiquitous Computing,Kaushal Yagnik (0000-0002-9229-9163),orcid_tenure,yes,https://api.crossref.org/works/10.1145/2971648.2971731,"DOI 10.1145/2971648.2971731 (UbiComp 2016); all authors ""Indian Institute of Technology Ropar, Rupnagar, India"""
possible,iit_ropar-009288,https://doi.org/10.1063/5.0193317,2024,Use of EDXRF and WDXRF techniques for trace element analysis: A review,AIP Conference Proceedings,Deepak Singh [roster:Mathematics],roster_crossref_author,unknown,https://doi.org/10.1063/5.0193317,AIP page behind Cloudflare challenge; no affiliation metadata
possible,iit_ropar-004853,https://doi.org/10.1016/j.compstruct.2022.115677,2022,An anisotropic localizing gradient damage approach for failure analysis of fiber reinforced composites,Composite Structures,Alok Negi (0000-0002-1741-8433),orcid_tenure,unknown,https://doi.org/10.1016/j.compstruct.2022.115677,publisher page bot-blocked (ScienceDirect 403); no Crossref/EuropePMC affiliations; no OA copy found
possible,iit_ropar-001675,https://doi.org/10.21659/rupkatha.v10n3.16,2018,"“Do-re-mi-fa-so-la, it’s not precise”: tracking the ‘demurral’ in the Bengali Lebensmusik of the 90s",Rupkatha Journal on Interdisciplinary Studies in Humanities,Dibyakusum Ray (0000-0002-9537-3277); Dibyakusum Ray [roster:Humanities and Social Sciences],"orcid_tenure,roster_crossref_author,roster_orcid",yes,https://rupkatha.com/V10/n3/v10n316.pdf,"PDF: Dibyakusum Ray - ""Asst. Professor, Dept. of Humanities and Social Sciences, IIT Ropar"""
possible,iit_ropar-005582,https://doi.org/10.1007/978-981-19-7150-1_17,2022,Multi-objective Optimization of Powder Mixed Green-EDM Parameters on Machining of HcHcr Steel Using an Integrated MCDM Approach,Lecture Notes in Mechanical Engineering,Abhishek Kumar Singh [roster:Electrical Engineering],roster_crossref_author,no,https://link.springer.com/chapter/10.1007/978-981-19-7150-1_17,"Springer meta affiliation: ""NIT"" - namesake"
possible,iit_ropar-012313,https://doi.org/10.9734/acri/2026/v26i82082,2026,Socioeconomic Determinants of Child Undernutrition in Bihar: Evidence from NFHS-5,Archives of Current Research International,Rakesh kumar [roster:Biomedical Engineering]; Rakesh Kumar [roster:Physics],roster_crossref_author,unknown,https://doi.org/10.9734/acri/2026/v26i82082,publisher page behind Cloudflare challenge (403); no Crossref affiliations; no OA copy found (social-science paper on Bihar; likely namesake)
possible,iit_ropar-003683,https://doi.org/10.1038/s41524-021-00669-4,2021,Chemical hardness-driven interpretable machine learning approach for rapid search of photocatalysts,npj Computational Materials,Abhishek Kumar Singh [roster:Electrical Engineering],roster_crossref_author,no,https://www.nature.com/articles/s41524-021-00669-4,"Abhishek K. Singh: ""Materials Research Centre, Indian Institute of Science, Bangalore"" - namesake"
possible,iit_ropar-005536,https://doi.org/10.1007/s00277-022-04843-6,2022,Mapping incidence and mortality of leukemia and its subtypes in 21 world regions in last three decades and projections to 2030,Annals of Hematology,Rajesh Sharma [roster:Centre for Applied Research in Data Science (CARDS)],roster_crossref_author,no,https://link.springer.com/article/10.1007/s00277-022-04843-6,"Rajesh Sharma: ""University School of Management and Entrepreneurship, Delhi Technological University"""
possible,iit_ropar-009220,https://doi.org/10.48550/arxiv.2407.05959,2024,Time Series Dataset for Modeling and Forecasting of $N_2O$ in Wastewater Treatment,arXiv,Anju Rani (0000-0002-7856-6165),orcid_untimed,no,https://arxiv.org/pdf/2407.05959,"Anju Rani: ""Department of Energy, Aalborg University, Esbjerg, Denmark"""
possible,iit_ropar-012056,https://doi.org/10.1134/s1061830925604623,2026,Novel Correlation Based Analysis for Sub-Surface Sensing and Imaging Using Active Infrared Thermography,Russian Journal of Nondestructive Testing,Ravibabu Mulaveesala [roster:Electrical Engineering],roster_crossref_author,no,https://link.springer.com/article/10.1134/S1061830925604623,"R. Mulaveesala: ""InfraRed Imaging Laboratory, CSICPSE, Indian Institute of Technology Delhi"" (person left IIT Ropar)"
possible,iit_ropar-003905,https://doi.org/10.1109/led.2021.3122241,2021,Enhanced Modulation Bandwidth of a Magnetic Tunnel Junction-Based Spin Torque Nano-Oscillator Under Strong Current Modulation,IEEE Electron Device Letters,Raghav Sharma [roster:Electrical Engineering],roster_crossref_author,unknown,https://doi.org/10.1109/led.2021.3122241,IEEE Xplore bot-blocked (202 challenge); no Crossref affiliations; no OA copy found
possible,iit_ropar-001072,https://doi.org/10.51983/ajeat-2018.7.2.962,2018,Analysis of Functionally Graded Cylinders for Different Gradation Law under Coupled Thermo-Mechanical Loading,Asian Journal of Engineering and Applied Technology,Amandeep (0000-0002-1125-3228),orcid_tenure,yes,https://ajeat.com/index.php/ajeat/article/view/962,"Amandeep: ""Research Scholar, Indian Institute of Technology Ropar, Punjab"""
possible,iit_ropar-001982,https://doi.org/10.1016/j.agwat.2019.05.037,2019,Estimation of root water uptake and soil hydraulic parameters from root zone soil moisture and deep percolation,Agricultural Water Management,Ickkshaanshu Sonkar [roster:Civil Engineering],roster_crossref_author,unknown,https://doi.org/10.1016/j.agwat.2019.05.037,publisher page bot-blocked (ScienceDirect 403); no Crossref/EuropePMC affiliations; no OA copy found
possible,iit_ropar-006025,https://doi.org/10.48550/arxiv.2201.00506,2022,Total Controllability of nonlocal semilinear functional evolution equations with non-instantaneous impulses,arXiv,Jitendra Kumar [roster:Mathematics],roster_arxiv,no,https://arxiv.org/pdf/2201.00506,"All authors: ""Department of Applied Sciences and Engineering, IIT Roorkee"" (J. Kumar, jkumar@as.iitr.ac.in)"
possible,iit_ropar-006159,TODO,2023,A Time-Frequency Grounded ECG Feature Abstraction Systems based Advanced Design for Improvement of ANN for CA classification,International Journal of Intelligent Systems and Applications in Engineering,SAKSHI SHARMA (0000-0001-5089-6587),orcid_tenure,no,https://ijisae.org/index.php/IJISAE/article/view/3055,"Sakshi Sharma: ""Assistant Professor, Dept of CSE, Chandigarh Engineering College, Jhanjeri"" - namesake"
possible,iit_ropar-003829,https://doi.org/10.55251/jmbfs.3745,2021,EXTRACELLULAR ALKALINE PECTINASES PRODUCTION: A REVIEW,"Journal of microbiology, biotechnology and food sciences",Abhishek Kumar Singh [roster:Electrical Engineering],roster_crossref_author,no,https://office2.jmbfs.org/index.php/JMBFS/article/view/3745,"Abhishek K. Singh: ""University Institutes of Engineering, Dept of Biotechnology Engineering, Chandigarh University"""
possible,iit_ropar-007734,https://doi.org/10.33545/2664763x.2024.v6.i1a.44,2024,A comprehensive review of phytochemical and pharmacological properties of Actinidia deliciosa,International Journal of Pharmacognosy and Clinical Research,Sachin Kumar [roster:Mechanical Engineering],roster_crossref_author,no,https://www.pharmacognosyjournal.in/archives/2024/vol6issue1/PartA/6-1-7-357.pdf,"Sachin Kumar: ""B. Pharm, S. R. Institute of Pharmacy, Bareilly"" - namesake"
possible,iit_ropar-001170,https://doi.org/10.65109/ejtr5905,2018,Design of Coalition Resistant Credit Score Functions for Online Discussion Forums,International Joint Conference on Autonomous Agents and Multiagent Systems,Shweta Jain,dblp_person,no,https://ifaamas.csc.liv.ac.uk/Proceedings/aamas2018/pdfs/p95.pdf,"Shweta Jain: ""Indian Institute of Science, Bangalore"" (PhD work, before IIT Ropar)"
possible,iit_ropar-000771,https://doi.org/10.1016/j.spmi.2016.12.044,2017,Modeling and analysis of sub-surface leakage current in nano-MOSFET under cutoff regime,Superlattices and Microstructures,YASHU SWAMI (0000-0002-1730-3281),orcid_untimed,unknown,https://doi.org/10.1016/j.spmi.2016.12.044,publisher page bot-blocked (ScienceDirect 403); no Crossref/EuropePMC affiliations; no OA copy found
possible,iit_ropar-005537,https://doi.org/10.1007/s10147-021-02108-2,2022,"Mapping of global, regional and national incidence, mortality and mortality-to-incidence ratio of lung cancer in 2020 and 2050",International Journal of Clinical Oncology,Rajesh Sharma [roster:Centre for Applied Research in Data Science (CARDS)],roster_crossref_author,no,https://link.springer.com/article/10.1007/s10147-021-02108-2,"Rajesh Sharma: ""University School of Management and Entrepreneurship, East Delhi Campus, DTU"""
possible,iit_ropar-006314,https://doi.org/10.1007/s12220-023-01383-x,2023,Area-Minimizing Minimal Graphs Over Linearly Accessible Domains,The Journal of Geometric Analysis,Kapil Jaglan (0009-0004-1712-8788),orcid_tenure,yes,https://link.springer.com/article/10.1007/s12220-023-01383-x,"Springer meta: ""Indian Institute of Technology Ropar, Rupnagar, India"""
possible,iit_ropar-007771,https://doi.org/10.1201/9781032665443-4,2024,Access Control Model for Data Analytics for Securing Data in Cloud Computing Environment,Latest Trends in Engineering and Technology,SAKSHI SHARMA (0000-0001-5089-6587),orcid_tenure,unknown,https://www.taylorfrancis.com/chapters/edit/10.1201/9781032665443-4,Taylor & Francis chapter page shows no affiliations (likely Chandigarh Eng. College namesake as in other Sakshi Sharma record - unverified)
possible,iit_ropar-003565,TODO,2021,An Insight Into Supply Chain Logistics Management System Using Blockchain Technology,"INTERNATIONAL DICLE SCIENTIFIC RESEARCH AND INNOVATION CONGRESS 27-28 November 2021/ DIYARBAKIR (isarc international science and research center), Turkey",Akhilesh Kumar Singh (0000-0002-1204-6749),orcid_untimed,unknown,,No DOI; congress proceedings not found online
possible,iit_ropar-000235,https://doi.org/10.1007/s11042-015-3158-4,2016,InCloud: a cloud-based middleware for vehicular infotainment systems,Multimedia Tools and Applications,Mukesh Saini [roster:Computer Science and Engineering],roster_crossref_author,no,https://link.springer.com/article/10.1007/s11042-015-3158-4,"Mukesh Saini: ""Division of Engineering, New York University Abu Dhabi"" (before IIT Ropar)"
possible,iit_ropar-004883,https://doi.org/10.1016/j.apm.2021.10.014,2022,Analytical study on shear wave propagation in anisotropic dry sandy spherical layered structure,Applied Mathematical Modelling,Abhishek Kumar Singh [roster:Electrical Engineering],roster_crossref_author,unknown,https://doi.org/10.1016/j.apm.2021.10.014,publisher page bot-blocked (ScienceDirect 403); no Crossref/EuropePMC affiliations; no OA copy found
possible,iit_ropar-002457,https://doi.org/10.1016/j.aeue.2020.153071,2020,2-D analytical modeling of drain and gate-leakage currents of cylindrical gate asymmetric halo doped dual material-junctionless accumulation mode MOSFET,AEU - International Journal of Electronics and Communications,Prince Kumar Singh [roster:Metallurgical and Materials Engineering],roster_crossref_author,unknown,https://doi.org/10.1016/j.aeue.2020.153071,publisher page bot-blocked (ScienceDirect 403); no Crossref/EuropePMC affiliations; no OA copy found
possible,iit_ropar-003254,https://doi.org/10.1016/j.jnnfm.2020.104381,2020,Rheology modulated high electrochemomechanical energy conversion in soft narrow-fluidic channel,Journal of Non-Newtonian Fluid Mechanics,Harshad Gaikwad [roster:Mechanical Engineering],"roster_crossref_author,roster_orcid",unknown,https://doi.org/10.1016/j.jnnfm.2020.104381,publisher page bot-blocked (ScienceDirect 403); no Crossref/EuropePMC affiliations; no OA copy found
possible,iit_ropar-004530,https://doi.org/10.1109/lwc.2021.3101983,2021,Swap-Based Load Balancing for Fairness in Radio Access Networks,IEEE Wireless Communications Letters,Sudeepta Mishra [roster:Computer Science and Engineering],roster_crossref_author,unknown,https://doi.org/10.1109/lwc.2021.3101983,IEEE Xplore bot-blocked (202 challenge); no Crossref affiliations; no OA copy found
possible,iit_ropar-007384,https://doi.org/10.14309/01.ajg.0000957432.52435.de,2023,S1948 Cholecystoduodenal Fistula Secondary to Duodenal Ulcer,American Journal of Gastroenterology,Shruti Verma [roster:Electrical Engineering],roster_crossref_author,unknown,https://www.ovid.com/jnls/ajg/abstract/10.14309/01.ajg.0000957432.52435.de,Ovid/LWW pages do not expose affiliations (403); likely US clinical namesake - unverified
possible,iit_ropar-000469,https://doi.org/10.1109/tcsii.2016.2641582,2017,A Power and Area Efficient Architecture of a PRBS Generator With Multiple Outputs,IEEE Transactions on Circuits and Systems II: Express Briefs,Mahendra Sakare [roster:Electrical Engineering],roster_crossref_author,unknown,https://doi.org/10.1109/tcsii.2016.2641582,IEEE Xplore bot-blocked (202 challenge); no Crossref affiliations; no OA copy found
possible,iit_ropar-009971,https://doi.org/10.1007/s11661-025-07735-2,2025,Enhancement in the Hot Corrosion Resistance of Plasma-Sprayed NiAl Coating Through Nanodiamond Reinforcement,Metallurgical and Materials Transactions A,ABHISHEK KUMAR GRAIN (0009-0008-2393-6051),orcid_tenure,no,https://link.springer.com/article/10.1007/s11661-025-07735-2,Springer meta: IIT Patna and MNIT Jaipur only
possible,iit_ropar-004067,https://doi.org/10.1007/978-3-030-84965-8_13,2021,Impaired Redox Status and Age-Related Neurodegenerative Disorders,Healthy Ageing and Longevity,Abhishek Kumar Singh [roster:Electrical Engineering],roster_crossref_author,no,https://link.springer.com/chapter/10.1007/978-3-030-84965-8_13,"Springer meta: Amity Univ UP, Univ of Allahabad, SPPU - namesake"
possible,iit_ropar-003211,https://doi.org/10.1109/vtc2020-spring48590.2020.9129606,2020,Quality of Service Driven Resource Allocation in Network Slicing,2020 IEEE 91st Vehicular Technology Conference (VTC2020-Spring),Sudeepta Mishra [roster:Computer Science and Engineering],roster_crossref_author,unknown,https://doi.org/10.1109/vtc2020-spring48590.2020.9129606,IEEE Xplore bot-blocked (202 challenge); no Crossref affiliations; no OA copy found
possible,iit_ropar-003272,https://doi.org/10.1088/1361-648x/ab8250,2020,Screening nature of the van der Waals density functional method: a review and analysis of the many-body physics foundation,Journal of Physics: Condensed Matter,Vivekanand Shukla [roster:Physics],roster_crossref_author,no,https://www.ebi.ac.uk/europepmc/webservices/rest/search?query=DOI:10.1088/1361-648x/ab8250&resultType=core&format=json,"V. Shukla: ""Dept of Microtechnology and Nanoscience (MC2), Chalmers University of Technology"" (before IIT Ropar)"
possible,iit_ropar-009228,https://doi.org/10.52202/079017-0485,2024,Touchstone Benchmark: Are We on the Right Way for Evaluating AI Algorithms for Medical Segmentation?,Advances in Neural Information Processing Systems 37,Pratibha Kumari; Saikat Roy [roster:Chemical Engineering],"dblp_person,roster_arxiv",no,https://arxiv.org/pdf/2411.03670v2,Pratibha Kumari: Univ. of Regensburg; Saikat Roy: DKFZ Heidelberg; no Ropar in author list - namesakes
possible,iit_ropar-011868,https://doi.org/10.1007/978-3-032-04008-4_5,2026,Ionic Liquids: Alternative to Conventional Molecular Solvents for Organic Reactions,Lecture Notes in Nanoscale Science and Technology,Dr. Amandeep Singh (0000-0002-2465-3220),orcid_tenure,yes,https://link.springer.com/chapter/10.1007/978-3-032-04008-4_5,"Springer meta: Amandeep Singh - ""Indian Institute of Technology (IIT), Ropar"""
