institution,faculty,department,indian_partner_institutions,examples
IIT Kharagpur,Chandra Sekhar Tiwary,Metallurgical and Materials Engineering,59,All India Institute of Medica…; Amrita Vishwa Vidyapeetham; Banaras Hindu University; Berger Paints (India); Bhabha Atomic Research Centre
IIT Kharagpur,Abhijit Mukherjee,Geology and Geophysics,57,Banaras Hindu University; Bejoy Narayan Mahavidyalaya; Bhabha Atomic Research Centre; Bhubaneswar Borooah Cancer In…; Bidhan Chandra Krishi Viswavi…
IIT Kharagpur,Santanu Dhara,School of Medical Science and Technology,54,AcSIR (CSIR academy); Aditya University; Banaras Hindu University; Bankura Sammilani Medical Col…; Bhabha Atomic Research Centre
IIT Kharagpur,Mukunda Dev Behera,"Centre for Ocean, River, Atmosphere and Land Sciences (CORAL)",52,Banaras Hindu University; Birla Institute of Technology…; Birla Institute of Technology…; BIT Mesra; Central Research Institute fo…
IIT Kharagpur,Suman Chakraborty,Mechanical Engineering,49,AcSIR (CSIR academy); Banaras Hindu University; Birla Institute of Technology…; Birla Institute of Technology…; Central Mechanical Engineerin…
IIT Kharagpur,Samit Kumar Ray,Physics,46,Bhabha Atomic Research Centre; Birla Institute of Technology…; Birla Institute of Technology…; Bose Institute; Centre for Materials for Elec…
IIT Kharagpur,Pabitra Mitra,Computer Science and Engineering,44,AcSIR (CSIR academy); Assam Agricultural University; Banaras Hindu University; Birla Institute of Technology…; Centre for Artificial Intelli…
IIT Kharagpur,Mahitosh Mandal,School of Medical Science and Technology,43,All India Institute of Medica…; All India Institute of Medica…; Bankura Sammilani Medical Col…; Bharath University; Birla Institute of Technology…
IIT Kharagpur,Prem Prakash Srivastav,Agricultural and Food Engineering,43,"Amrita Vishwa Vidyapeetham; Anna University, Chennai; Banaras Hindu University; Banda University of Agricultu…; BIT Mesra"
IIT Kharagpur,Anil Kumar Gupta,Geology and Geophysics,39,AcSIR (CSIR academy); Banaras Hindu University; Bharathidasan University; Birbal Sahni Institute of Pal…; Central University of Haryana
IIT Roorkee,Pradip K. Maji,Polymer and Process Engineering,85,AcSIR (CSIR academy); Alliance University; Amity University; Amity University Gurugram; Baddi University of Emerging…
IIT Roorkee,Partha Roy,Biosciences and Bioengineering,84,AcSIR (CSIR academy); Aligarh Muslim University; All India Institute of Medica…; All India Institute of Medica…; Baba Farid University of Heal…
IIT Roorkee,Brajesh Kumar Kaushik,Electronics and Communication Engineering,61,Aditya University; Alliance University; Amrita Vishwa Vidyapeetham; Atal Bihari Vajpayee IIIT and…; Bhabha Atomic Research Centre
IIT Roorkee,Krishna Mohan Poluri,Biosciences and Bioengineering,57,AcSIR (CSIR academy); All India Institute of Medica…; Ashoka University; Babasaheb Bhimrao Ambedkar Un…; Banaras Hindu University
IIT Roorkee,Saugata Hazra,Biosciences and Bioengineering,56,AcSIR (CSIR academy); Adamas University; Agharkar Research Institute; All India Institute of Medica…; All India Institute of Medica…
IIT Roorkee,Partha Pratim Roy,Computer Science and Engineering,47,AcSIR (CSIR academy); All India Institute of Medica…; Assam Down Town University; Atal Bihari Vajpayee IIIT and…; Bose Institute
IIT Roorkee,P. Arumugam,Physics,47,Aliah University; Amity University; Amity University Mumbai; Andhra University; Banaras Hindu University
IIT Roorkee,Chandra Shekhar Prasad Ojha,Civil Engineering,41,Aligarh Muslim University; Amrita Vishwa Vidyapeetham; Archaeological Survey of India; Banaras Hindu University; Central Research Institute fo…
IIT Roorkee,Debabrata Sircar,Biosciences and Bioengineering,41,All India Institute of Medica…; All India Institute of Medica…; All India Institute of Medica…; Atal Bihari Vajpayee Institut…; Banaras Hindu University
IIT Roorkee,Ajanta Goswami,Earth Sciences,37,Adani Institute of Infrastruc…; Amrita Vishwa Vidyapeetham; Assam Down Town University; Banaras Hindu University; Bharati Vidyapeeth (Deemed to…
