institution,year,in_flow,out_flow
IIT Kharagpur,2016,217,5764
IIT Kharagpur,2017,958,6387
IIT Kharagpur,2018,2296,7212
IIT Kharagpur,2019,3701,8716
IIT Kharagpur,2020,6690,10684
IIT Kharagpur,2021,10732,14656
IIT Kharagpur,2022,14468,14930
IIT Kharagpur,2023,16773,14422
IIT Kharagpur,2024,20731,17428
IIT Kharagpur,2025,21720,16333
IIT Kharagpur,2026,16109,13226
IIT Roorkee,2016,182,5333
IIT Roorkee,2017,807,5261
IIT Roorkee,2018,1885,5540
IIT Roorkee,2019,3131,6785
IIT Roorkee,2020,5406,8146
IIT Roorkee,2021,8590,11642
IIT Roorkee,2022,12098,14460
IIT Roorkee,2023,14561,14350
IIT Roorkee,2024,18669,17185
IIT Roorkee,2025,18166,16835
IIT Roorkee,2026,13454,11718
