scope,in_degree,papers
Cluster (both IITs),0,26578
Cluster (both IITs),1,8854
Cluster (both IITs),2,5021
Cluster (both IITs),3,3280
Cluster (both IITs),4,2157
Cluster (both IITs),5,1533
Cluster (both IITs),6,1219
Cluster (both IITs),7,834
Cluster (both IITs),8,651
Cluster (both IITs),9,515
Cluster (both IITs),10,362
Cluster (both IITs),11,338
Cluster (both IITs),12,236
Cluster (both IITs),13,186
Cluster (both IITs),14,162
Cluster (both IITs),15,123
Cluster (both IITs),16,88
Cluster (both IITs),17,77
Cluster (both IITs),18,68
Cluster (both IITs),19,51
Cluster (both IITs),20,43
Cluster (both IITs),21,35
Cluster (both IITs),22,23
Cluster (both IITs),23,34
Cluster (both IITs),24,15
Cluster (both IITs),25,14
Cluster (both IITs),26,13
Cluster (both IITs),27,10
Cluster (both IITs),28,13
Cluster (both IITs),29,5
Cluster (both IITs),30,4
Cluster (both IITs),31,7
Cluster (both IITs),32,7
Cluster (both IITs),33,4
Cluster (both IITs),35,6
Cluster (both IITs),37,2
Cluster (both IITs),38,1
Cluster (both IITs),39,3
Cluster (both IITs),40,1
Cluster (both IITs),41,1
Cluster (both IITs),42,2
Cluster (both IITs),44,3
Cluster (both IITs),48,1
Cluster (both IITs),49,1
Cluster (both IITs),50,1
Cluster (both IITs),51,1
Cluster (both IITs),58,1
IIT Kharagpur,0,15255
IIT Kharagpur,1,5021
IIT Kharagpur,2,2858
IIT Kharagpur,3,1888
IIT Kharagpur,4,1213
IIT Kharagpur,5,892
IIT Kharagpur,6,675
IIT Kharagpur,7,487
IIT Kharagpur,8,368
IIT Kharagpur,9,286
IIT Kharagpur,10,191
IIT Kharagpur,11,169
IIT Kharagpur,12,150
IIT Kharagpur,13,98
IIT Kharagpur,14,103
IIT Kharagpur,15,61
IIT Kharagpur,16,46
IIT Kharagpur,17,52
IIT Kharagpur,18,30
IIT Kharagpur,19,23
IIT Kharagpur,20,23
IIT Kharagpur,21,18
IIT Kharagpur,22,15
IIT Kharagpur,23,19
IIT Kharagpur,24,4
IIT Kharagpur,25,10
IIT Kharagpur,26,10
IIT Kharagpur,27,1
IIT Kharagpur,28,7
IIT Kharagpur,29,2
IIT Kharagpur,30,1
IIT Kharagpur,31,4
IIT Kharagpur,32,3
IIT Kharagpur,33,2
IIT Kharagpur,35,3
IIT Kharagpur,37,1
IIT Kharagpur,39,1
IIT Kharagpur,40,1
IIT Kharagpur,41,1
IIT Kharagpur,42,1
IIT Kharagpur,43,1
IIT Kharagpur,48,1
IIT Kharagpur,50,1
IIT Kharagpur,58,1
IIT Roorkee,0,12004
IIT Roorkee,1,3825
IIT Roorkee,2,2109
IIT Roorkee,3,1339
IIT Roorkee,4,871
IIT Roorkee,5,619
IIT Roorkee,6,510
IIT Roorkee,7,321
IIT Roorkee,8,237
IIT Roorkee,9,212
IIT Roorkee,10,158
IIT Roorkee,11,130
IIT Roorkee,12,82
IIT Roorkee,13,75
IIT Roorkee,14,53
IIT Roorkee,15,49
IIT Roorkee,16,29
IIT Roorkee,17,30
IIT Roorkee,18,25
IIT Roorkee,19,25
IIT Roorkee,20,15
IIT Roorkee,21,17
IIT Roorkee,22,10
IIT Roorkee,23,10
IIT Roorkee,24,10
IIT Roorkee,25,5
IIT Roorkee,26,4
IIT Roorkee,27,7
IIT Roorkee,28,5
IIT Roorkee,30,1
IIT Roorkee,31,2
IIT Roorkee,32,4
IIT Roorkee,33,1
IIT Roorkee,35,2
IIT Roorkee,37,2
IIT Roorkee,39,2
IIT Roorkee,40,2
IIT Roorkee,44,1
IIT Roorkee,49,1
