institution,partner,shared_papers,cluster,partner_works_in_scope,jaccard_top10,jaccard_top20,jaccard_top30,shared_subfields_top20
IIT Kharagpur,Jadavpur University,361,Central Universities,25301,0.429,0.667,0.714,"Artificial Intelligence; Biomedical Engineering; Computational Mechanics; Computer Networks and Communications; Computer Vision and Pattern Recognition; Control and Systems Engineering; Electrical and Electronic Engineering; Electronic, Optical and Magnetic Materials; Information Systems; Materials Chemistry; Mechanical Engineering; Mechanics of Materials; Molecular Biology; Organic Chemistry; Renewable Energy, Sustainability and the Environment; Water Science and Technology"
IIT Kharagpur,Indian Institute of Science Bangalore,358,IISc / TIFR / IISERs,42387,0.538,0.739,0.579,"Aerospace Engineering; Artificial Intelligence; Biomedical Engineering; Civil and Structural Engineering; Computational Mechanics; Computer Networks and Communications; Computer Vision and Pattern Recognition; Control and Systems Engineering; Electrical and Electronic Engineering; Electronic, Optical and Magnetic Materials; Global and Planetary Change; Materials Chemistry; Mechanical Engineering; Mechanics of Materials; Molecular Biology; Organic Chemistry; Renewable Energy, Sustainability and the Environment"
IIT Kharagpur,Indian Institute of Technology Bombay,342,Old & large IITs,40567,0.667,0.739,0.714,"Aerospace Engineering; Artificial Intelligence; Biomedical Engineering; Civil and Structural Engineering; Computational Mechanics; Computer Networks and Communications; Control and Systems Engineering; Electrical and Electronic Engineering; Electronic, Optical and Magnetic Materials; Environmental Engineering; Global and Planetary Change; Materials Chemistry; Mechanical Engineering; Mechanics of Materials; Molecular Biology; Organic Chemistry; Renewable Energy, Sustainability and the Environment"
IIT Kharagpur,National Institute of Technology Rourkela,318,NITs,17662,0.538,0.739,0.714,"Aerospace Engineering; Artificial Intelligence; Biomedical Engineering; Civil and Structural Engineering; Computational Mechanics; Computer Networks and Communications; Computer Vision and Pattern Recognition; Control and Systems Engineering; Electrical and Electronic Engineering; Electronic, Optical and Magnetic Materials; Information Systems; Materials Chemistry; Mechanical Engineering; Mechanics of Materials; Molecular Biology; Renewable Energy, Sustainability and the Environment; Water Science and Technology"
IIT Kharagpur,Indian Institute of Technology Delhi,290,Old & large IITs,42311,0.429,0.667,0.765,"Aerospace Engineering; Artificial Intelligence; Biomedical Engineering; Civil and Structural Engineering; Computational Mechanics; Computer Vision and Pattern Recognition; Control and Systems Engineering; Electrical and Electronic Engineering; Electronic, Optical and Magnetic Materials; Global and Planetary Change; Materials Chemistry; Mechanical Engineering; Mechanics of Materials; Molecular Biology; Organic Chemistry; Renewable Energy, Sustainability and the Environment"
IIT Kharagpur,Indian Institute of Technology Kanpur,283,Old & large IITs,27831,0.538,0.6,0.622,"Aerospace Engineering; Artificial Intelligence; Biomedical Engineering; Civil and Structural Engineering; Computational Mechanics; Computer Vision and Pattern Recognition; Control and Systems Engineering; Electrical and Electronic Engineering; Electronic, Optical and Magnetic Materials; Materials Chemistry; Mechanical Engineering; Mechanics of Materials; Molecular Biology; Organic Chemistry; Renewable Energy, Sustainability and the Environment"
IIT Kharagpur,Indian Institute of Technology Roorkee,252,Old & large IITs,32923,0.538,0.739,0.667,"Aerospace Engineering; Artificial Intelligence; Biomedical Engineering; Civil and Structural Engineering; Computational Mechanics; Computer Vision and Pattern Recognition; Control and Systems Engineering; Electrical and Electronic Engineering; Electronic, Optical and Magnetic Materials; Environmental Engineering; Global and Planetary Change; Materials Chemistry; Mechanical Engineering; Mechanics of Materials; Organic Chemistry; Renewable Energy, Sustainability and the Environment; Water Science and Technology"
IIT Kharagpur,"Indian Institute of Engineering Science and Technology, Shibpur",241,Not a course cluster,9213,0.667,0.667,0.579,"Aerospace Engineering; Artificial Intelligence; Biomedical Engineering; Civil and Structural Engineering; Computational Mechanics; Computer Networks and Communications; Computer Vision and Pattern Recognition; Control and Systems Engineering; Electrical and Electronic Engineering; Electronic, Optical and Magnetic Materials; Environmental Engineering; Materials Chemistry; Mechanical Engineering; Mechanics of Materials; Organic Chemistry; Renewable Energy, Sustainability and the Environment"
IIT Kharagpur,Indian Institute of Technology Dhanbad,214,Not a course cluster,17996,0.333,0.818,0.579,"Aerospace Engineering; Artificial Intelligence; Biomedical Engineering; Civil and Structural Engineering; Computational Mechanics; Computer Networks and Communications; Computer Vision and Pattern Recognition; Control and Systems Engineering; Electrical and Electronic Engineering; Electronic, Optical and Magnetic Materials; Environmental Engineering; Information Systems; Materials Chemistry; Mechanical Engineering; Mechanics of Materials; Organic Chemistry; Renewable Energy, Sustainability and the Environment; Water Science and Technology"
IIT Kharagpur,Indian Institute of Technology Madras,212,Old & large IITs,41520,0.538,0.667,0.538,"Aerospace Engineering; Artificial Intelligence; Biomedical Engineering; Civil and Structural Engineering; Computational Mechanics; Computer Networks and Communications; Computer Vision and Pattern Recognition; Control and Systems Engineering; Electrical and Electronic Engineering; Electronic, Optical and Magnetic Materials; Materials Chemistry; Mechanical Engineering; Mechanics of Materials; Molecular Biology; Organic Chemistry; Renewable Energy, Sustainability and the Environment"
IIT Kharagpur,University of Calcutta,207,Not a course cluster,19978,0.25,0.379,0.622,"Aerospace Engineering; Artificial Intelligence; Biomedical Engineering; Computer Vision and Pattern Recognition; Electrical and Electronic Engineering; Electronic, Optical and Magnetic Materials; Information Systems; Materials Chemistry; Molecular Biology; Organic Chemistry; Water Science and Technology"
IIT Kharagpur,"Birla Institute of Technology, Mesra",205,Not a course cluster,10493,0.667,0.667,0.667,"Aerospace Engineering; Artificial Intelligence; Biomedical Engineering; Computational Mechanics; Computer Networks and Communications; Computer Vision and Pattern Recognition; Control and Systems Engineering; Electrical and Electronic Engineering; Electronic, Optical and Magnetic Materials; Information Systems; Materials Chemistry; Mechanical Engineering; Molecular Biology; Organic Chemistry; Renewable Energy, Sustainability and the Environment; Water Science and Technology"
IIT Kharagpur,Indian Statistical Institute,199,Premier science institutes,10673,0.111,0.176,0.277,Artificial Intelligence; Computer Networks and Communications; Computer Vision and Pattern Recognition; Electrical and Electronic Engineering; Information Systems; Molecular Biology
IIT Kharagpur,National Institute of Technology Durgapur,191,NITs,8974,0.667,0.667,0.538,"Aerospace Engineering; Artificial Intelligence; Biomedical Engineering; Civil and Structural Engineering; Computational Mechanics; Computer Networks and Communications; Computer Vision and Pattern Recognition; Control and Systems Engineering; Electrical and Electronic Engineering; Electronic, Optical and Magnetic Materials; Information Systems; Materials Chemistry; Mechanical Engineering; Molecular Biology; Renewable Energy, Sustainability and the Environment; Water Science and Technology"
IIT Kharagpur,"Birla Institute of Technology and Science, Pilani",172,Not a course cluster,25471,0.429,0.6,0.714,"Aerospace Engineering; Artificial Intelligence; Biomedical Engineering; Civil and Structural Engineering; Computational Mechanics; Computer Networks and Communications; Computer Vision and Pattern Recognition; Control and Systems Engineering; Electrical and Electronic Engineering; Information Systems; Materials Chemistry; Mechanical Engineering; Molecular Biology; Organic Chemistry; Renewable Energy, Sustainability and the Environment"
IIT Kharagpur,Indian Space Research Organisation,172,Not a course cluster,10768,0.176,0.429,0.5,Aerospace Engineering; Artificial Intelligence; Computational Mechanics; Computer Vision and Pattern Recognition; Control and Systems Engineering; Electrical and Electronic Engineering; Environmental Engineering; Global and Planetary Change; Materials Chemistry; Mechanical Engineering; Mechanics of Materials; Water Science and Technology
IIT Kharagpur,Tata Steel (India),160,Not a course cluster,2695,0.333,0.481,0.395,"Aerospace Engineering; Biomedical Engineering; Civil and Structural Engineering; Computational Mechanics; Control and Systems Engineering; Electrical and Electronic Engineering; Electronic, Optical and Magnetic Materials; Environmental Engineering; Materials Chemistry; Mechanical Engineering; Mechanics of Materials; Renewable Energy, Sustainability and the Environment; Water Science and Technology"
IIT Kharagpur,Indian Institute of Technology Guwahati,158,Old & large IITs,25970,0.429,0.667,0.622,"Aerospace Engineering; Artificial Intelligence; Biomedical Engineering; Civil and Structural Engineering; Computational Mechanics; Computer Networks and Communications; Computer Vision and Pattern Recognition; Control and Systems Engineering; Electrical and Electronic Engineering; Electronic, Optical and Magnetic Materials; Materials Chemistry; Mechanical Engineering; Molecular Biology; Organic Chemistry; Renewable Energy, Sustainability and the Environment; Water Science and Technology"
IIT Kharagpur,Vellore Institute of Technology University,146,Not a course cluster,63496,0.538,0.6,0.579,"Aerospace Engineering; Artificial Intelligence; Biomedical Engineering; Civil and Structural Engineering; Computer Networks and Communications; Computer Vision and Pattern Recognition; Control and Systems Engineering; Electrical and Electronic Engineering; Electronic, Optical and Magnetic Materials; Information Systems; Materials Chemistry; Mechanical Engineering; Molecular Biology; Organic Chemistry; Renewable Energy, Sustainability and the Environment"
IIT Kharagpur,Council of Scientific and Industrial Research,144,CSIR labs,87470,0.333,0.379,0.5,"Biomedical Engineering; Civil and Structural Engineering; Electrical and Electronic Engineering; Electronic, Optical and Magnetic Materials; Materials Chemistry; Mechanical Engineering; Mechanics of Materials; Molecular Biology; Organic Chemistry; Renewable Energy, Sustainability and the Environment; Water Science and Technology"
IIT Kharagpur,Homi Bhabha National Institute,140,Not a course cluster,29427,0.176,0.333,0.364,"Aerospace Engineering; Artificial Intelligence; Biomedical Engineering; Electrical and Electronic Engineering; Electronic, Optical and Magnetic Materials; Materials Chemistry; Mechanical Engineering; Molecular Biology; Organic Chemistry; Renewable Energy, Sustainability and the Environment"
IIT Kharagpur,Indian Institute of Technology Bhubaneswar,140,Newer IITs,7022,0.429,0.667,0.622,"Aerospace Engineering; Artificial Intelligence; Biomedical Engineering; Civil and Structural Engineering; Computational Mechanics; Computer Networks and Communications; Computer Vision and Pattern Recognition; Control and Systems Engineering; Electrical and Electronic Engineering; Electronic, Optical and Magnetic Materials; Environmental Engineering; Global and Planetary Change; Materials Chemistry; Mechanical Engineering; Mechanics of Materials; Renewable Energy, Sustainability and the Environment"
IIT Kharagpur,Bhabha Atomic Research Centre,140,DAE institutes,20904,0.333,0.429,0.463,"Aerospace Engineering; Biomedical Engineering; Control and Systems Engineering; Electrical and Electronic Engineering; Electronic, Optical and Magnetic Materials; Materials Chemistry; Mechanical Engineering; Mechanics of Materials; Molecular Biology; Organic Chemistry; Renewable Energy, Sustainability and the Environment; Water Science and Technology"
IIT Kharagpur,S.N. Bose National Centre for Basic Sciences,137,Premier science institutes,3173,0.25,0.25,0.395,"Artificial Intelligence; Biomedical Engineering; Electrical and Electronic Engineering; Electronic, Optical and Magnetic Materials; Materials Chemistry; Molecular Biology; Organic Chemistry; Renewable Energy, Sustainability and the Environment"
IIT Kharagpur,Indian Institute of Technology BHU,136,Newer IITs,17842,0.667,0.667,0.667,"Aerospace Engineering; Artificial Intelligence; Biomedical Engineering; Civil and Structural Engineering; Computer Networks and Communications; Computer Vision and Pattern Recognition; Control and Systems Engineering; Electrical and Electronic Engineering; Electronic, Optical and Magnetic Materials; Materials Chemistry; Mechanical Engineering; Mechanics of Materials; Molecular Biology; Organic Chemistry; Renewable Energy, Sustainability and the Environment; Water Science and Technology"
IIT Roorkee,Indian Institute of Technology Delhi,333,Old & large IITs,42311,0.538,0.667,0.714,"Aerospace Engineering; Artificial Intelligence; Atomic and Molecular Physics, and Optics; Biomedical Engineering; Civil and Structural Engineering; Computational Mechanics; Computer Vision and Pattern Recognition; Control and Systems Engineering; Electrical and Electronic Engineering; Electronic, Optical and Magnetic Materials; Global and Planetary Change; Materials Chemistry; Mechanical Engineering; Mechanics of Materials; Organic Chemistry; Renewable Energy, Sustainability and the Environment"
IIT Roorkee,National Institute of Hydrology,267,Not a course cluster,1440,0.053,0.212,0.25,"Biomedical Engineering; Civil and Structural Engineering; Environmental Engineering; Geophysics; Global and Planetary Change; Renewable Energy, Sustainability and the Environment; Water Science and Technology"
IIT Roorkee,Indian Institute of Technology Kharagpur,253,Old & large IITs,41658,0.538,0.739,0.667,"Aerospace Engineering; Artificial Intelligence; Biomedical Engineering; Civil and Structural Engineering; Computational Mechanics; Computer Vision and Pattern Recognition; Control and Systems Engineering; Electrical and Electronic Engineering; Electronic, Optical and Magnetic Materials; Environmental Engineering; Global and Planetary Change; Materials Chemistry; Mechanical Engineering; Mechanics of Materials; Organic Chemistry; Renewable Energy, Sustainability and the Environment; Water Science and Technology"
IIT Roorkee,Indian Institute of Technology Bombay,222,Old & large IITs,40567,0.667,0.739,0.765,"Aerospace Engineering; Artificial Intelligence; Atomic and Molecular Physics, and Optics; Biomedical Engineering; Civil and Structural Engineering; Computational Mechanics; Control and Systems Engineering; Electrical and Electronic Engineering; Electronic, Optical and Magnetic Materials; Environmental Engineering; Global and Planetary Change; Materials Chemistry; Mechanical Engineering; Mechanics of Materials; Nuclear and High Energy Physics; Organic Chemistry; Renewable Energy, Sustainability and the Environment"
IIT Roorkee,Council of Scientific and Industrial Research,211,CSIR labs,87470,0.333,0.429,0.5,"Atomic and Molecular Physics, and Optics; Biomedical Engineering; Civil and Structural Engineering; Electrical and Electronic Engineering; Electronic, Optical and Magnetic Materials; Geophysics; Materials Chemistry; Mechanical Engineering; Mechanics of Materials; Organic Chemistry; Renewable Energy, Sustainability and the Environment; Water Science and Technology"
IIT Roorkee,Indian Institute of Technology Bhubaneswar,191,Newer IITs,7022,0.667,0.739,0.667,"Aerospace Engineering; Artificial Intelligence; Atomic and Molecular Physics, and Optics; Biomedical Engineering; Civil and Structural Engineering; Computational Mechanics; Computer Vision and Pattern Recognition; Control and Systems Engineering; Electrical and Electronic Engineering; Electronic, Optical and Magnetic Materials; Environmental Engineering; Global and Planetary Change; Materials Chemistry; Mechanical Engineering; Mechanics of Materials; Nuclear and High Energy Physics; Renewable Energy, Sustainability and the Environment"
IIT Roorkee,Indian Institute of Technology Kanpur,188,Old & large IITs,27831,0.538,0.667,0.622,"Aerospace Engineering; Artificial Intelligence; Atomic and Molecular Physics, and Optics; Biomedical Engineering; Civil and Structural Engineering; Computational Mechanics; Computer Vision and Pattern Recognition; Control and Systems Engineering; Electrical and Electronic Engineering; Electronic, Optical and Magnetic Materials; Materials Chemistry; Mechanical Engineering; Mechanics of Materials; Nuclear and High Energy Physics; Organic Chemistry; Renewable Energy, Sustainability and the Environment"
IIT Roorkee,University of Delhi,169,Central Universities,62296,0.111,0.212,0.25,"Artificial Intelligence; Biomedical Engineering; Electrical and Electronic Engineering; Electronic, Optical and Magnetic Materials; Materials Chemistry; Nuclear and High Energy Physics; Organic Chemistry"
IIT Roorkee,Banaras Hindu University,167,Central Universities,49194,0.25,0.379,0.5,"Artificial Intelligence; Biomedical Engineering; Electrical and Electronic Engineering; Electronic, Optical and Magnetic Materials; Geophysics; Materials Chemistry; Mechanical Engineering; Nuclear and High Energy Physics; Organic Chemistry; Renewable Energy, Sustainability and the Environment; Water Science and Technology"
IIT Roorkee,Indian Institute of Science Bangalore,165,IISc / TIFR / IISERs,42387,0.333,0.739,0.622,"Aerospace Engineering; Artificial Intelligence; Atomic and Molecular Physics, and Optics; Biomedical Engineering; Civil and Structural Engineering; Computational Mechanics; Computer Vision and Pattern Recognition; Control and Systems Engineering; Electrical and Electronic Engineering; Electronic, Optical and Magnetic Materials; Global and Planetary Change; Materials Chemistry; Mechanical Engineering; Mechanics of Materials; Nuclear and High Energy Physics; Organic Chemistry; Renewable Energy, Sustainability and the Environment"
IIT Roorkee,Indian Institute of Technology BHU,163,Newer IITs,17842,0.667,0.6,0.667,"Aerospace Engineering; Artificial Intelligence; Atomic and Molecular Physics, and Optics; Biomedical Engineering; Civil and Structural Engineering; Computer Vision and Pattern Recognition; Control and Systems Engineering; Electrical and Electronic Engineering; Electronic, Optical and Magnetic Materials; Materials Chemistry; Mechanical Engineering; Mechanics of Materials; Organic Chemistry; Renewable Energy, Sustainability and the Environment; Water Science and Technology"
IIT Roorkee,Graphic Era University,162,Not a course cluster,19510,0.333,0.379,0.463,"Artificial Intelligence; Biomedical Engineering; Civil and Structural Engineering; Computer Vision and Pattern Recognition; Control and Systems Engineering; Electrical and Electronic Engineering; Environmental Engineering; Materials Chemistry; Mechanical Engineering; Renewable Energy, Sustainability and the Environment; Water Science and Technology"
IIT Roorkee,Academy of Scientific and Innovative Research,157,Not a course cluster,34624,0.25,0.333,0.429,"Atomic and Molecular Physics, and Optics; Biomedical Engineering; Civil and Structural Engineering; Electrical and Electronic Engineering; Electronic, Optical and Magnetic Materials; Materials Chemistry; Mechanical Engineering; Organic Chemistry; Renewable Energy, Sustainability and the Environment; Water Science and Technology"
IIT Roorkee,University of Petroleum and Energy Studies,152,Not a course cluster,14854,0.429,0.379,0.5,"Aerospace Engineering; Artificial Intelligence; Biomedical Engineering; Computer Vision and Pattern Recognition; Electrical and Electronic Engineering; Electronic, Optical and Magnetic Materials; Environmental Engineering; Materials Chemistry; Mechanical Engineering; Renewable Energy, Sustainability and the Environment; Water Science and Technology"
IIT Roorkee,Central Building Research Institute,144,CSIR labs,1297,0.25,0.429,0.463,"Aerospace Engineering; Biomedical Engineering; Civil and Structural Engineering; Control and Systems Engineering; Electrical and Electronic Engineering; Environmental Engineering; Geophysics; Materials Chemistry; Mechanical Engineering; Mechanics of Materials; Renewable Energy, Sustainability and the Environment; Water Science and Technology"
IIT Roorkee,Bhabha Atomic Research Centre,143,DAE institutes,20904,0.25,0.538,0.463,"Aerospace Engineering; Atomic and Molecular Physics, and Optics; Biomedical Engineering; Control and Systems Engineering; Electrical and Electronic Engineering; Electronic, Optical and Magnetic Materials; Geophysics; Materials Chemistry; Mechanical Engineering; Mechanics of Materials; Nuclear and High Energy Physics; Organic Chemistry; Renewable Energy, Sustainability and the Environment; Water Science and Technology"
IIT Roorkee,Thapar Institute of Engineering & Technology,120,Not a course cluster,14067,0.333,0.538,0.538,"Aerospace Engineering; Artificial Intelligence; Biomedical Engineering; Civil and Structural Engineering; Computer Vision and Pattern Recognition; Control and Systems Engineering; Electrical and Electronic Engineering; Electronic, Optical and Magnetic Materials; Materials Chemistry; Mechanical Engineering; Mechanics of Materials; Nuclear and High Energy Physics; Renewable Energy, Sustainability and the Environment; Water Science and Technology"
IIT Roorkee,Indian Institute of Technology Madras,119,Old & large IITs,41520,0.667,0.667,0.538,"Aerospace Engineering; Artificial Intelligence; Atomic and Molecular Physics, and Optics; Biomedical Engineering; Civil and Structural Engineering; Computational Mechanics; Computer Vision and Pattern Recognition; Control and Systems Engineering; Electrical and Electronic Engineering; Electronic, Optical and Magnetic Materials; Materials Chemistry; Mechanical Engineering; Mechanics of Materials; Nuclear and High Energy Physics; Organic Chemistry; Renewable Energy, Sustainability and the Environment"
IIT Roorkee,Indian Space Research Organisation,119,Not a course cluster,10768,0.176,0.429,0.429,Aerospace Engineering; Artificial Intelligence; Computational Mechanics; Computer Vision and Pattern Recognition; Control and Systems Engineering; Electrical and Electronic Engineering; Environmental Engineering; Global and Planetary Change; Materials Chemistry; Mechanical Engineering; Mechanics of Materials; Water Science and Technology
IIT Roorkee,Amity University,107,Not a course cluster,52497,0.25,0.25,0.333,"Aerospace Engineering; Artificial Intelligence; Biomedical Engineering; Computer Vision and Pattern Recognition; Electrical and Electronic Engineering; Materials Chemistry; Mechanical Engineering; Renewable Energy, Sustainability and the Environment"
IIT Roorkee,Defence Research and Development Organisation,106,Not a course cluster,15957,0.538,0.481,0.579,"Aerospace Engineering; Artificial Intelligence; Atomic and Molecular Physics, and Optics; Biomedical Engineering; Civil and Structural Engineering; Computational Mechanics; Computer Vision and Pattern Recognition; Control and Systems Engineering; Electrical and Electronic Engineering; Electronic, Optical and Magnetic Materials; Materials Chemistry; Mechanical Engineering; Mechanics of Materials"
IIT Roorkee,Indian Institute of Technology Jodhpur,103,Newer IITs,7958,0.538,0.6,0.579,"Aerospace Engineering; Artificial Intelligence; Atomic and Molecular Physics, and Optics; Biomedical Engineering; Civil and Structural Engineering; Computational Mechanics; Computer Vision and Pattern Recognition; Control and Systems Engineering; Electrical and Electronic Engineering; Electronic, Optical and Magnetic Materials; Materials Chemistry; Mechanical Engineering; Nuclear and High Energy Physics; Organic Chemistry; Renewable Energy, Sustainability and the Environment"
IIT Roorkee,Indian Institute of Technology Hyderabad,102,Old & large IITs,14615,0.429,0.6,0.622,"Artificial Intelligence; Atomic and Molecular Physics, and Optics; Biomedical Engineering; Civil and Structural Engineering; Computational Mechanics; Computer Vision and Pattern Recognition; Control and Systems Engineering; Electrical and Electronic Engineering; Electronic, Optical and Magnetic Materials; Materials Chemistry; Mechanical Engineering; Mechanics of Materials; Nuclear and High Energy Physics; Organic Chemistry; Renewable Energy, Sustainability and the Environment"
IIT Roorkee,Central Road Research Institute,100,CSIR labs,799,0.333,0.29,0.395,Biomedical Engineering; Civil and Structural Engineering; Control and Systems Engineering; Electrical and Electronic Engineering; Environmental Engineering; Global and Planetary Change; Materials Chemistry; Mechanical Engineering; Mechanics of Materials
IIT Roorkee,Indian Institute of Technology Dhanbad,99,Not a course cluster,17996,0.538,0.739,0.714,"Aerospace Engineering; Artificial Intelligence; Biomedical Engineering; Civil and Structural Engineering; Computational Mechanics; Computer Vision and Pattern Recognition; Control and Systems Engineering; Electrical and Electronic Engineering; Electronic, Optical and Magnetic Materials; Environmental Engineering; Geophysics; Materials Chemistry; Mechanical Engineering; Mechanics of Materials; Organic Chemistry; Renewable Energy, Sustainability and the Environment; Water Science and Technology"
