scope,rank,pagerank,in_degree,in_degree_rank,year,title,journal,doi,global_citations,institutions
Cluster (both IITs),1,0.000598,20,209,2016,Hydrothermal growth of few layer 2H-MoS 2 for heterojunction photodetector and visible light induced photocatalytic applications,Journal of Materials Chemistry A,https://doi.org/10.1039/c5ta09003b,145,IIT Kharagpur
Cluster (both IITs),2,0.000494,58,1,2016,Uniform electric-field-induced lateral migration of a sedimenting drop,Journal of Fluid Mechanics,https://doi.org/10.1017/jfm.2016.84,78,IIT Kharagpur
Cluster (both IITs),3,0.000482,23,117,2016,V 2 O 5 microflower decorated cathode for enhancing power generation in air-cathode microbial fuel cell treating fish market wastewater,International Journal of Hydrogen Energy,https://doi.org/10.1016/j.ijhydene.2015.12.163,94,IIT Kharagpur
Cluster (both IITs),4,0.000459,49,4,2018,"A Review of Power Electronic Converters for Variable Speed Pumped Storage Plants: Configurations, Operational Challenges, and Future Scopes",IEEE Journal of Emerging and Selected Topics in Power Electronics,https://doi.org/10.1109/jestpe.2017.2707397,170,IIT Roorkee
Cluster (both IITs),5,0.000445,21,174,2016,Synergistic dynamics of nitrogen and phosphorous influences lipid productivity in Chlorella minutissima for biodiesel production,Bioresource Technology,https://doi.org/10.1016/j.biortech.2016.02.112,123,IIT Roorkee
Cluster (both IITs),6,0.000443,51,2,2016,Groundwater quality and depletion in the Indo-Gangetic Basin mapped from in situ observations,Nature Geoscience,https://doi.org/10.1038/ngeo2791,488,IIT Kharagpur
Cluster (both IITs),7,0.000416,32,29,2017,On Theoretical Modeling of Sensor Cloud: A Paradigm Shift From Wireless Sensor Network,IEEE Systems Journal,https://doi.org/10.1109/jsyst.2014.2362617,110,IIT Kharagpur
Cluster (both IITs),8,0.000413,23,117,2016,Inhibition of chikungunya virus by picolinate that targets viral capsid protein,Virology,https://doi.org/10.1016/j.virol.2016.08.029,68,IIT Roorkee
Cluster (both IITs),9,0.000407,17,371,2017,Controlling morphology ofCH3NH3PbI3perovskite film by dual solvent elimination method,Nano-Structures & Nano-Objects,https://doi.org/10.1016/j.nanoso.2017.09.017,23,IIT Roorkee
Cluster (both IITs),10,0.000397,22,151,2016,A strategy to achieve enhanced electromagnetic interference shielding at low concentration with a new generation of conductive carbon black in a chlorinated polyethylene elastomeric matrix,Physical Chemistry Chemical Physics,https://doi.org/10.1039/c6cp04274k,102,IIT Kharagpur
IIT Kharagpur,1,0.001021,20,109,2016,Hydrothermal growth of few layer 2H-MoS 2 for heterojunction photodetector and visible light induced photocatalytic applications,Journal of Materials Chemistry A,https://doi.org/10.1039/c5ta09003b,145,IIT Kharagpur
IIT Kharagpur,2,0.000844,58,1,2016,Uniform electric-field-induced lateral migration of a sedimenting drop,Journal of Fluid Mechanics,https://doi.org/10.1017/jfm.2016.84,78,IIT Kharagpur
IIT Kharagpur,3,0.000815,23,57,2016,V 2 O 5 microflower decorated cathode for enhancing power generation in air-cathode microbial fuel cell treating fish market wastewater,International Journal of Hydrogen Energy,https://doi.org/10.1016/j.ijhydene.2015.12.163,94,IIT Kharagpur
IIT Kharagpur,4,0.000788,23,57,2018,The local and global climate forcings induced inhomogeneity of Indian rainfall,Scientific Reports,https://doi.org/10.1038/s41598-018-24021-x,80,IIT Kharagpur
IIT Kharagpur,5,0.000706,21,91,2016,A strategy to achieve enhanced electromagnetic interference shielding at low concentration with a new generation of conductive carbon black in a chlorinated polyethylene elastomeric matrix,Physical Chemistry Chemical Physics,https://doi.org/10.1039/c6cp04274k,102,IIT Kharagpur
IIT Kharagpur,6,0.000703,32,15,2017,On Theoretical Modeling of Sensor Cloud: A Paradigm Shift From Wireless Sensor Network,IEEE Systems Journal,https://doi.org/10.1109/jsyst.2014.2362617,110,IIT Kharagpur
IIT Kharagpur,7,0.000658,17,185,2019,Are CRM systems ready for AI integration?,The Bottom Line,https://doi.org/10.1108/bl-02-2019-0069,142,IIT Kharagpur
IIT Kharagpur,8,0.000638,13,447,2018,"Impact of fermentation and extrusion processing on physicochemical, sensory and bioactive properties of rice-black gram mixed flour",LWT,https://doi.org/10.1016/j.lwt.2017.10.050,62,IIT Kharagpur
IIT Kharagpur,9,0.000623,13,447,2016,Exploring a highly dispersible silica–elastomer composite for tire applications,Journal of Applied Polymer Science,https://doi.org/10.1002/app.43531,40,IIT Kharagpur
IIT Kharagpur,10,0.000620,39,8,2019,"Pharmaceutically active compounds in aqueous environment: A status, toxicity and insights of remediation",Environmental Research,https://doi.org/10.1016/j.envres.2019.108542,290,IIT Kharagpur
IIT Roorkee,1,0.001105,49,1,2018,"A Review of Power Electronic Converters for Variable Speed Pumped Storage Plants: Configurations, Operational Challenges, and Future Scopes",IEEE Journal of Emerging and Selected Topics in Power Electronics,https://doi.org/10.1109/jestpe.2017.2707397,170,IIT Roorkee
IIT Roorkee,2,0.001097,21,70,2016,Synergistic dynamics of nitrogen and phosphorous influences lipid productivity in Chlorella minutissima for biodiesel production,Bioresource Technology,https://doi.org/10.1016/j.biortech.2016.02.112,123,IIT Roorkee
IIT Roorkee,3,0.000942,17,152,2017,Controlling morphology ofCH3NH3PbI3perovskite film by dual solvent elimination method,Nano-Structures & Nano-Objects,https://doi.org/10.1016/j.nanoso.2017.09.017,23,IIT Roorkee
IIT Roorkee,4,0.000940,23,50,2016,Inhibition of chikungunya virus by picolinate that targets viral capsid protein,Virology,https://doi.org/10.1016/j.virol.2016.08.029,68,IIT Roorkee
IIT Roorkee,5,0.000920,5,2038,2016,Towards toxicity removal in lead based perovskite solar cells by compositional gradient using manganese chloride,Journal of Materials Chemistry C,https://doi.org/10.1039/c6tc00650g,54,IIT Roorkee
IIT Roorkee,6,0.000848,20,87,2016,Atomistic modeling of BN nanofillers for mechanical and thermal properties: a review,Nanoscale,https://doi.org/10.1039/c5nr06917c,90,IIT Roorkee
IIT Roorkee,7,0.000795,2,4867,2017,Utilization of Naturally Occurring Dyes as Sensitizers in Dye Sensitized Solar Cells,IEEE Journal of Photovoltaics,https://doi.org/10.1109/jphotov.2016.2639343,46,IIT Roorkee
IIT Roorkee,8,0.000787,19,102,2016,Highly sensitive and selective hydrogen gas sensor using sputtered grown Pd decorated MnO2 nanowalls,Sensors and Actuators B: Chemical,https://doi.org/10.1016/j.snb.2016.04.152,141,IIT Roorkee
IIT Roorkee,9,0.000777,9,758,2020,Novel polyisoprene based UV-activated oxygen scavenging films and their applications in packaging of beef jerky,LWT,https://doi.org/10.1016/j.lwt.2019.108643,41,IIT Roorkee
IIT Roorkee,10,0.000725,30,18,2017,An Efficient and Selective Nickel-Catalyzed Direct N-Alkylation of Anilines with Alcohols,ACS Catalysis,https://doi.org/10.1021/acscatal.7b02817,227,IIT Roorkee
