institution,field,papers,share
IIT Kharagpur,Engineering,9492,0.3162
IIT Kharagpur,Computer Science,3650,0.1216
IIT Kharagpur,Materials Science,2746,0.0915
IIT Kharagpur,Environmental Science,2691,0.0896
IIT Kharagpur,Physics and Astronomy,1207,0.0402
IIT Kharagpur,Chemistry,1157,0.0385
IIT Kharagpur,Earth and Planetary Sciences,1105,0.0368
IIT Kharagpur,Medicine,1080,0.036
IIT Kharagpur,Agricultural and Biological Sciences,972,0.0324
IIT Kharagpur,"Biochemistry, Genetics and Molecular Biology",940,0.0313
IIT Kharagpur,Social Sciences,799,0.0266
IIT Kharagpur,Energy,685,0.0228
IIT Kharagpur,Mathematics,666,0.0222
IIT Kharagpur,"Business, Management and Accounting",661,0.022
IIT Kharagpur,"Economics, Econometrics and Finance",441,0.0147
IIT Kharagpur,Decision Sciences,323,0.0108
IIT Kharagpur,Psychology,262,0.0087
IIT Kharagpur,Neuroscience,224,0.0075
IIT Kharagpur,Chemical Engineering,208,0.0069
IIT Kharagpur,Unknown,176,0.0059
IIT Kharagpur,Nursing,125,0.0042
IIT Kharagpur,Health Professions,117,0.0039
IIT Kharagpur,Arts and Humanities,111,0.0037
IIT Kharagpur,Immunology and Microbiology,94,0.0031
IIT Kharagpur,"Pharmacology, Toxicology and Pharmaceutics",49,0.0016
IIT Kharagpur,Dentistry,34,0.0011
IIT Kharagpur,Veterinary,4,0.0001
IIT Roorkee,Engineering,8807,0.3855
IIT Roorkee,Environmental Science,2586,0.1132
IIT Roorkee,Materials Science,2244,0.0982
IIT Roorkee,Computer Science,1817,0.0795
IIT Roorkee,Physics and Astronomy,1142,0.05
IIT Roorkee,Chemistry,782,0.0342
IIT Roorkee,Earth and Planetary Sciences,673,0.0295
IIT Roorkee,Medicine,667,0.0292
IIT Roorkee,Energy,516,0.0226
IIT Roorkee,Social Sciences,495,0.0217
IIT Roorkee,"Biochemistry, Genetics and Molecular Biology",477,0.0209
IIT Roorkee,"Business, Management and Accounting",457,0.02
IIT Roorkee,Mathematics,453,0.0198
IIT Roorkee,Agricultural and Biological Sciences,405,0.0177
IIT Roorkee,Arts and Humanities,205,0.009
IIT Roorkee,Decision Sciences,183,0.008
IIT Roorkee,"Economics, Econometrics and Finance",151,0.0066
IIT Roorkee,Unknown,149,0.0065
IIT Roorkee,Neuroscience,149,0.0065
IIT Roorkee,Chemical Engineering,140,0.0061
IIT Roorkee,Psychology,124,0.0054
IIT Roorkee,Health Professions,106,0.0046
IIT Roorkee,"Pharmacology, Toxicology and Pharmaceutics",60,0.0026
IIT Roorkee,Immunology and Microbiology,33,0.0014
IIT Roorkee,Nursing,14,0.0006
IIT Roorkee,Dentistry,8,0.0004
IIT Roorkee,Veterinary,1,0.0
