institution,rank,journal,papers,most_common_quartile
IIT Kharagpur,1,Physics of Fluids,330,Q1
IIT Kharagpur,2,Scientific Reports,194,Q1
IIT Kharagpur,3,ACS Applied Materials & Interfaces,152,Q1
IIT Kharagpur,4,Langmuir,130,Q1
IIT Kharagpur,5,RSC Advances,117,Q1
IIT Roorkee,1,Scientific Reports,133,Q1
IIT Roorkee,2,International Journal of Biological Macromolecules,132,Q1
IIT Roorkee,3,Physical Review C,117,Q1
IIT Roorkee,4,IEEE Transactions on Industry Applications,111,Q1
IIT Roorkee,5,Environmental Science and Pollution Research,107,Q1
