institution,year,total,journal,conference,book-chapter,preprint,other,partial_year
IIT Kharagpur,2016,1782,1422,250,90,15,5,False
IIT Kharagpur,2017,1942,1477,287,146,17,15,False
IIT Kharagpur,2018,2151,1623,357,145,20,6,False
IIT Kharagpur,2019,2414,1862,350,154,40,8,False
IIT Kharagpur,2020,2624,2076,294,152,94,8,False
IIT Kharagpur,2021,2886,2218,347,201,111,9,False
IIT Kharagpur,2022,3240,2280,495,222,226,17,False
IIT Kharagpur,2023,3229,2241,522,208,232,26,False
IIT Kharagpur,2024,3580,2455,606,294,209,16,False
IIT Kharagpur,2025,3429,2369,591,229,214,26,False
IIT Kharagpur,2026,2742,1965,235,200,340,2,True
IIT Roorkee,2016,1335,1079,170,83,0,3,False
IIT Roorkee,2017,1341,1073,170,83,2,13,False
IIT Roorkee,2018,1459,1100,225,114,13,7,False
IIT Roorkee,2019,1540,1187,220,119,7,7,False
IIT Roorkee,2020,1745,1379,178,127,55,6,False
IIT Roorkee,2021,1979,1514,206,175,80,4,False
IIT Roorkee,2022,2497,1815,394,176,101,11,False
IIT Roorkee,2023,2777,1861,561,218,118,19,False
IIT Roorkee,2024,2944,2099,529,208,90,18,False
IIT Roorkee,2025,2932,2104,499,173,147,9,False
IIT Roorkee,2026,2295,1759,227,115,191,3,True
