name,department,designation,status,joining_year,profile_url,email,orcid,google_scholar,dblp,scopus_id,irins,homepage,source_url
Abhilasha Nanda,Artificial Intelligence and Data Engineering,Assistant Professor,current,2025,https://saide.iitrpr.ac.in/people/faculty/a317352e-2bdf-4d54-a71f-0d0ba61cedc4,abhilasha.nanda@iitrpr.ac.in,,https://scholar.google.com/citations?user=vFkOkmgAAAAJ,,,,,https://saide.iitrpr.ac.in/people/faculty
Abhinav Kumar,Artificial Intelligence and Data Engineering,Assistant Professor,current,2025,https://saide.iitrpr.ac.in/people/faculty/b1105610-9eee-4e43-8c13-9e8ca045e7e0,abhinavk@iitrpr.ac.in,,https://scholar.google.com/citations?user=5GqfE6cAAAAJ,,,,,https://saide.iitrpr.ac.in/people/faculty
Anusha Prakash,Artificial Intelligence and Data Engineering,Assistant Professor,current,2025,https://saide.iitrpr.ac.in/people/faculty/d9d3869a-f223-4343-b273-5ff5f5e229ba,anusha.prakash@iitrpr.ac.in,,https://scholar.google.com/citations?user=2r9mCcgAAAAJ,,,,,https://saide.iitrpr.ac.in/people/faculty
Arun Kumar Sharma,Artificial Intelligence and Data Engineering,Assistant Professor,current,2025,https://saide.iitrpr.ac.in/people/faculty/1a0b8066-d5ac-416b-adc6-63db5c899caa,arnksh@iitrpr.ac.in,0000-0003-2270-4714,https://scholar.google.com/citations?user=Lye6naYAAAAJ,,,,https://arnksh.github.io/,https://saide.iitrpr.ac.in/people/faculty
Dinkar Gupta,Artificial Intelligence and Data Engineering,Professor of Practice (Former Director General of The National Investigation Agency),current,,https://saide.iitrpr.ac.in/people/faculty/e6ddb824-7578-4f68-8c0f-9031576c71d3,dinkargupta@iitrpr.ac.in,,,,,,,https://saide.iitrpr.ac.in/people/faculty
M. S. Pardeshi,Artificial Intelligence and Data Engineering,Assistant Professor,current,2025,https://saide.iitrpr.ac.in/people/faculty/9d0759c2-7bd9-41d4-acc9-57e9085b8ef9,mayuresh@iitrpr.ac.in,,https://scholar.google.com/citations?user=uC1s0KgAAAAJ,,,,,https://saide.iitrpr.ac.in/people/faculty
Prashant Kumar Mittal,Artificial Intelligence and Data Engineering,"Professor of Practice (Former DDG (Agriculture Informatics Division), NIC)",current,,https://saide.iitrpr.ac.in/people/faculty/f513144f-409a-4e7e-8478-6c170e041d3e,pk.mittal@iitrpr.ac.in,,,,,,,https://saide.iitrpr.ac.in/people/faculty
Puneet Kumar,Artificial Intelligence and Data Engineering,Assistant Professor,current,2025,https://saide.iitrpr.ac.in/people/faculty/9f0f35db-23d6-409d-948d-b76200458571,puneet.kumar@iitrpr.ac.in,,https://scholar.google.com/citations?user=8ieLBZ8AAAAJ,,,,https://puneetkumar.com/,https://saide.iitrpr.ac.in/people/faculty
Rakesh Sanodiya,Artificial Intelligence and Data Engineering,Assistant Professor,current,2025,https://saide.iitrpr.ac.in/people/faculty/4156aa02-4494-4ab8-9eaa-21288756abc7,rakesh.s@iitrpr.ac.in,,https://scholar.google.com/citations?user=tZRR3xUAAAAJ,,,,,https://saide.iitrpr.ac.in/people/faculty
Santosh Kumar Vipparthi,Artificial Intelligence and Data Engineering,Associate Professor and Head of School,current,2023,https://saide.iitrpr.ac.in/people/faculty/126a4d60-6452-4dd7-b024-fc82a5954a6c,skvipparthi@iitrpr.ac.in,0000-0002-5672-3537,https://scholar.google.com/citations?user=JWSfd7YAAAAJ,,,,https://skvipparthi.github.io/,https://saide.iitrpr.ac.in/people/faculty
Suresh Kumar Amalapuram,Artificial Intelligence and Data Engineering,Assistant Professor,current,2026,https://saide.iitrpr.ac.in/people/faculty/71c2f636-73c5-4718-b7c5-cb982b94968f,suresh@iitrpr.ac.in,0009-0007-6789-997X,https://scholar.google.com/citations?user=DSHKk8YAAAAJ,,,,https://amalapuram.github.io/,https://saide.iitrpr.ac.in/people/faculty
Tanushree Meena,Artificial Intelligence and Data Engineering,Assistant Professor,current,2025,https://saide.iitrpr.ac.in/people/faculty/6b9efb92-34c1-4005-99f7-6f5743a5b17a,tanushree@iitrpr.ac.in,,https://scholar.google.com/citations?user=cydR0CkAAAAJ,,,,,https://saide.iitrpr.ac.in/people/faculty
Vandana Bharti,Artificial Intelligence and Data Engineering,Assistant Professor,current,2025,https://saide.iitrpr.ac.in/people/faculty/f876fad2-8f6f-491c-bff8-ddca4aa9ff30,vandana@iitrpr.ac.in,,https://scholar.google.com/citations?user=F5Ogae4AAAAJ,,,,https://sites.google.com/iitrpr.ac.in/vandana,https://saide.iitrpr.ac.in/people/faculty
Deepak Khemani,Artificial Intelligence and Data Engineering,Adjunct Faculty (Professor at IIT Madras),adjunct,,https://saide.iitrpr.ac.in/people/faculty/e1155018-207f-4e16-9169-12635f6945bd,khemani@cse.iitm.ac.in,,https://scholar.google.com/citations?user=lrcXaOkAAAAJ,,,,https://www.cse.iitm.ac.in/~khemani/,https://saide.iitrpr.ac.in/people/faculty
Kavya Dashora,Artificial Intelligence and Data Engineering,Adjunct Faculty (Associate Professor CRDT IIT Delhi),adjunct,,https://saide.iitrpr.ac.in/people/faculty/d78c12e9-89c7-4f97-bcfc-b886fdbfea7e,kdashora@rdat.iitd.ac.in,,,,,,https://crdt.iitd.ac.in/faculty/kavya-dashora,https://saide.iitrpr.ac.in/people/faculty
Santosh Kumar Mallick,Artificial Intelligence and Data Engineering,"Adjunct Faculty (Former Executive Director,Mazagon Dock Shipbuilders Ltd(GoI-MoD))",adjunct,,https://saide.iitrpr.ac.in/people/faculty/f13646af-c52b-49c3-b12f-e303b4004671,drsantoshmallick@gmail.com,,,,,,,https://saide.iitrpr.ac.in/people/faculty
Shailesh Kumar Samal,Artificial Intelligence and Data Engineering,Adjunct Faculty (Co-founder and Chief Executive Officer Inflanova AB),adjunct,,https://saide.iitrpr.ac.in/people/faculty/4e150b13-5945-4bf8-b09f-8f011cf5ebe4,samal.shailesh@gmail.com,,https://scholar.google.com/citations?user=V-Sq2uAAAAAJ,,,,,https://saide.iitrpr.ac.in/people/faculty
Ashwini B,Artificial Intelligence and Data Engineering,Assistant Professor,former,,https://saide.iitrpr.ac.in/people/faculty/886938f5-f6d8-4767-8d11-af10c919ba04,ashwini.b@iitrpr.ac.in,,https://scholar.google.com/citations?user=SBYdeooAAAAJ,,,,https://sau.int/faculty/ashwini-b/,https://saide.iitrpr.ac.in/people/faculty
Awaneesh Kumar Yadav,Artificial Intelligence and Data Engineering,Assistant Professor,former,2025,https://saide.iitrpr.ac.in/people/faculty/3887b608-2855-4c9f-aa08-d00874b68106,awaneesh@iitrpr.ac.in,0000-0002-2924-0361,https://scholar.google.com/citations?user=mXumRPcAAAAJ,,,,https://www.iitbhu.ac.in/dept/cse/people/awaneeshcse,https://saide.iitrpr.ac.in/people/faculty
Atharva Poundarik,Biomedical Engineering,Assistant Professor & Head,current,2019,https://sites.google.com/iitrpr.ac.in/aapoundarik,atharva@iitrpr.ac.in,,,,,,https://sites.google.com/iitrpr.ac.in/aapoundarik,https://iitrpr.ac.in/cbme/faculty/
Bodhisatwa Das,Biomedical Engineering,Assistant Professor,current,2020,https://sites.google.com/view/bodhilab,bodhisatwa.das@iitrpr.ac.in,0000-0002-1447-9089,,,,,https://sites.google.com/view/bodhilab,https://iitrpr.ac.in/cbme/faculty/
Durba Pal,Biomedical Engineering,Associate Professor,current,2016,https://www.iitrpr.ac.in/cbme/pal-lab/,durba.pal@iitrpr.ac.in,0000-0001-7672-3529,,,,,https://www.iitrpr.ac.in/cbme/pal-lab/,https://iitrpr.ac.in/cbme/faculty/
Rajesh Kumar,Biomedical Engineering,Assistant Professor,current,2019,https://www.iitrpr.ac.in/cbme/biomedical-photonics-lab/,rajeshkumar@iitrpr.ac.in,,,,,,https://www.iitrpr.ac.in/cbme/biomedical-photonics-lab/,https://iitrpr.ac.in/cbme/faculty/
Rakesh kumar,Biomedical Engineering,Ramanujan (faculty) Fellow,current,,https://sites.google.com/view/rk-lab/home,rakesh.kumar1@iitrpr.ac.in,,,,,,https://sites.google.com/view/rk-lab/home,https://iitrpr.ac.in/cbme/faculty/
Srivatsava Naidu,Biomedical Engineering,Associate Professor,current,2016,https://www.iitrpr.ac.in/cbme/ncrna/,srivatsava.naidu@iitrpr.ac.in,0000-0002-1441-2749,,,,,https://www.iitrpr.ac.in/cbme/ncrna/,https://iitrpr.ac.in/cbme/faculty/
Sukrit Gupta,Biomedical Engineering,"Assistant Professor; Associate Faculty,School of AIDE",current,2023,https://sites.google.com/site/sukritsite/,sukrit.gupta@iitrpr.ac.in,,,,,,https://sites.google.com/site/sukritsite/,https://iitrpr.ac.in/cbme/faculty/
Suryasnata Tripathy,Biomedical Engineering,Assistant Professor,current,,https://sites.google.com/view/suryasnatatripathy,suryasnata.tripathy@iitrpr.ac.in,0000-0002-9159-4224,https://scholar.google.com/citations?user=kzpgGz4AAAAJ,,,,https://sites.google.com/view/suryasnatatripathy,https://iitrpr.ac.in/cbme/faculty/
Ashish K. Sahani,Biomedical Engineering,Assistant Professor,former,2018,,ashish.sahani@iitrpr.ac.in,0000-0001-9173-3856,,,,,,https://web.archive.org/web/20220319165744id_/https://www.iitrpr.ac.in/cbme/faculty
Javed N. Agrewala,Biomedical Engineering,Former Faculty (Professor),former,2017,https://iitrpr.ac.in/cbme/immunology-lab/,jagrewala@iitrpr.ac.in,0000-0003-0227-1042,,,,,,https://www.iitrpr.ac.in/api/get-all-faculty
Rajesh Sharma,Centre for Applied Research in Data Science (CARDS),"Adjunct Faculty (Associate Professor, University of Tartu)",adjunct,,,rajesh.sharma@ut.ee,,,,,,https://rajeshsharma.cs.ut.ee/,https://www.iitrpr.ac.in/datascience/adjunct.html
Varinder Garg,Centre for Applied Research in Data Science (CARDS),Adjunct Faculty (MD Radiology),adjunct,,,me_dvg@yahoo.co.in,,,,,,,https://www.iitrpr.ac.in/datascience/adjunct.html
Gurdish K. Sandhu,Centre for Applied Research in Data Science (CARDS),Adjunct Faculty,former,2022,,,,,,,,,https://www.iitrpr.ac.in/downloads/sites/default/files/English_Annual_Report_compressed_2023_24.pdf
Arghya Banerjee,Chemical Engineering,Assistant Professor,current,2020,https://www.iitrpr.ac.in/chemical/People/faculty/arghya.php,arghyab@iitrpr.ac.in,,,,,,,https://www.iitrpr.ac.in/chemical/People/faculty.php
Asad H. Sahir,Chemical Engineering,Assistant Professor,current,2017,https://www.iitrpr.ac.in/chemical/People/faculty/asad.php,asad.sahir@iitrpr.ac.in,0000-0001-9552-3119,,,,,http://www.pseropar.org,https://www.iitrpr.ac.in/chemical/People/faculty.php
Chandi Sasmal,Chemical Engineering,Associate Professor,current,2018,https://www.iitrpr.ac.in/chemical/People/faculty/chandi.php,csasmal@iitrpr.ac.in,0000-0001-8518-8599,,,,,https://sites.google.com/view/chandisasmal/home?authuser=0,https://www.iitrpr.ac.in/chemical/People/faculty.php
Jayaram Valluru,Chemical Engineering,Assistant Professor,current,2022,https://www.iitrpr.ac.in/chemical/People/faculty/jayaram.php,vjayaram@iitrpr.ac.in,,,,,,,https://www.iitrpr.ac.in/chemical/People/faculty.php
Kishant Kumar,Chemical Engineering,Assistant Professor,current,2022,https://www.iitrpr.ac.in/chemical/People/faculty/kishant.php,kishant@iitrpr.ac.in,,,,,,,https://www.iitrpr.ac.in/chemical/People/faculty.php
Manigandan S.,Chemical Engineering,Associate Professor,current,2019,https://www.iitrpr.ac.in/chemical/People/faculty/manigandan.php,mani@iitrpr.ac.in,,,,,,,https://www.iitrpr.ac.in/chemical/People/faculty.php
Navin Gopinathan,Chemical Engineering,Assistant Professor (Head of Department),current,2019,https://www.iitrpr.ac.in/chemical/People/faculty/navin.php,navin.gopinathan@iitrpr.ac.in,,,,,,,https://www.iitrpr.ac.in/chemical/People/faculty.php
Neelkanth Nirmalkar,Chemical Engineering,Associate Professor,current,2019,https://www.iitrpr.ac.in/chemical/People/faculty/neel.php,n.nirmalkar@iitrpr.ac.in,,,,,,https://www.eerglabs.com/,https://www.iitrpr.ac.in/chemical/People/faculty.php
Rajagopal Vellingiri,Chemical Engineering,Assistant Professor,current,2019,https://www.iitrpr.ac.in/chemical/People/faculty/rajagopal.php,rajagopalv@iitrpr.ac.in,,,,,,,https://www.iitrpr.ac.in/chemical/People/faculty.php
Saikat Roy,Chemical Engineering,Assistant Professor,current,2020,https://www.iitrpr.ac.in/chemical/People/faculty/saikat.php,saikat.roy@iitrpr.ac.in,0000-0003-0353-9338,,,,,,https://www.iitrpr.ac.in/chemical/People/faculty.php
Santosh Kumar Meena,Chemical Engineering,Assistant Professor,current,2022,https://www.iitrpr.ac.in/chemical/People/faculty/santosh.php,skmeena@iitrpr.ac.in,0000-0003-0170-9110,,,,,,https://www.iitrpr.ac.in/chemical/People/faculty.php
Sarang Gumfekar,Chemical Engineering,Assistant Professor,current,2020,https://www.iitrpr.ac.in/chemical/People/faculty/sarang.php,sarang.gumfekar@iitrpr.ac.in,0000-0001-7763-5360,,,,,,https://www.iitrpr.ac.in/chemical/People/faculty.php
Tarak Mondal,Chemical Engineering,Associate Professor,current,2017,https://www.iitrpr.ac.in/chemical/People/faculty/tarak.php,tarakmondal@iitrpr.ac.in,0000-0001-9095-3742,,,,,,https://www.iitrpr.ac.in/chemical/People/faculty.php
Vishwajeet Mehandia,Chemical Engineering,Associate Professor,current,2013,https://www.iitrpr.ac.in/chemical/People/faculty/vishwajeet.php,vishwajeet@iitrpr.ac.in,,,,,,,https://www.iitrpr.ac.in/chemical/People/faculty.php
Ajay Rawul,Chemical Engineering,Adjunct Faculty,adjunct,,https://www.iitrpr.ac.in/chemical/People/faculty/ajayrawul.php,staff.ajay.rawul@iitrpr.ac.in,,,,,,,https://www.iitrpr.ac.in/chemical/People/faculty.php
G. Sridhar,Chemical Engineering,Adjunct Faculty,adjunct,,https://www.iitrpr.ac.in/chemical/People/faculty/gsridhar.php,sridhar.gururajarao@iitrpr.ac.in,,,,,,,https://www.iitrpr.ac.in/chemical/People/faculty.php
Himanshu Paliwal,Chemical Engineering,Assistant Professor,former,2017,https://www.iitrpr.ac.in/chemical/People/faculty/himanshu.php,himanshu.paliwal@iitrpr.ac.in,,,,,,,https://www.iitrpr.ac.in/chemical/People/faculty.php
Raj P. Chhabra,Chemical Engineering,Visiting Faculty,former,,https://www.iitrpr.ac.in/chemical/People/faculty/rp.php,rpchhabra@iitrpr.ac.in,,https://scholar.google.com/citations?user=rXKapmgAAAAJ,,,,,https://www.iitrpr.ac.in/chemical/People/faculty.php
Swati A Patel,Chemical Engineering,Assistant Professor,former,2017,https://www.iitrpr.ac.in/chemical/People/faculty/swati.php,pswati@iitrpr.ac.in,,,,,,,https://www.iitrpr.ac.in/chemical/People/faculty.php
Anupam Bandyopadhyay,Chemistry,Assistant Professor,current,2019,https://sites.google.com/iitrpr.ac.in/anupambandyopadhyayiitropar/home,anupamba@iitrpr.ac.in,,,,,,https://sites.google.com/iitrpr.ac.in/anupambandyopadhyayiitropar/home,https://www.iitrpr.ac.in/chemistry/faculty.html
Aslam Chandbhai Shaikh,Chemistry,Assistant Professor,current,2023,https://sites.google.com/view/aslamcshaikh,aslam.shaikh@iitrpr.ac.in,0000-0001-8818-2344,,,,,https://sites.google.com/view/aslamcshaikh,https://www.iitrpr.ac.in/chemistry/faculty.html
Avijit Goswami,Chemistry,Associate Professor,current,2009,https://sites.google.com/iitrpr.ac.in/homogeneous-catalysis-and-orga/dr-avijit-goswami,agoswami@iitrpr.ac.in,,,,,,https://sites.google.com/iitrpr.ac.in/homogeneous-catalysis-and-orga/dr-avijit-goswami,https://www.iitrpr.ac.in/chemistry/faculty.html
Debaprasad Mandal,Chemistry,Associate Professor & Head,current,,https://sites.google.com/iitrpr.ac.in/dpm-lab,dmandal@iitrpr.ac.in,0000-0003-4701-543X,,,,,https://sites.google.com/iitrpr.ac.in/dpm-lab,https://www.iitrpr.ac.in/chemistry/faculty.html
Indranil Chatterjee,Chemistry,Assistant Professor,current,2016,https://sites.google.com/iitrpr.ac.in/ic-research-group-iit-ropar/home,indranil.chatterjee@iitrpr.ac.in,,,,,,https://sites.google.com/iitrpr.ac.in/ic-research-group-iit-ropar/home,https://www.iitrpr.ac.in/chemistry/faculty.html
Manoj Kumar Pandey,Chemistry,Assistant Professor,current,2016,,mkpandey@iitrpr.ac.in,0000-0002-4015-8764,,,,,https://www.iitrpr.ac.in/manoj-pandey,https://www.iitrpr.ac.in/chemistry/faculty.html
Monika Gupta,Chemistry,Ramanujan Fellow,current,,,monika.gupta@iitrpr.ac.in,,,,,,,https://www.iitrpr.ac.in/chemistry/Facultyfellow.html
Nagaraja C. Mallaiah,Chemistry,Professor,current,,https://www.iitrpr.ac.in/CMNagaraja/,cmnraja@iitrpr.ac.in,0000-0002-4271-6424,https://scholar.google.com/citations?user=M3QVyM4AAAAJ,,,,https://www.iitrpr.ac.in/CMNagaraja/,https://www.iitrpr.ac.in/chemistry/faculty.html
Narinder Singh,Chemistry,Professor,current,,https://supralab6.wixsite.com/supralab6/home-1,nsingh@iitrpr.ac.in,,,,,,https://supralab6.wixsite.com/supralab6/home-1,https://www.iitrpr.ac.in/chemistry/faculty.html
Prabal Banerjee,Chemistry,Associate Professor,current,,https://www.iitrpr.ac.in/PBGroup/,prabal@iitrpr.ac.in,0000-0002-3569-7624,,,,,https://www.iitrpr.ac.in/PBGroup/,https://www.iitrpr.ac.in/chemistry/faculty.html
Rajendra Srivastava,Chemistry,Professor,current,,https://www.iitrpr.ac.in/rajendra/,rajendra@iitrpr.ac.in,,,,,,https://www.iitrpr.ac.in/rajendra/,https://www.iitrpr.ac.in/chemistry/faculty.html
Soumyajit Das,Chemistry,Assistant Professor,current,2019,https://soumyajitiitg.wixsite.com/mysite,chmsdas@iitrpr.ac.in,0000-0003-0964-1958,,,,,https://soumyajitiitg.wixsite.com/mysite,https://www.iitrpr.ac.in/chemistry/faculty.html
Sudipta Kumar Sinha,Chemistry,Assistant Professor,current,2016,,sudipta@iitrpr.ac.in,0000-0002-9568-5676,,,,,https://www.iitrpr.ac.in/sudipta-sinha,https://www.iitrpr.ac.in/chemistry/faculty.html
T. J. Dhilip Kumar,Chemistry,Professor,current,,https://www.iitrpr.ac.in/dhilip,dhilip@iitrpr.ac.in,,,,,,https://www.iitrpr.ac.in/dhilip/,https://www.iitrpr.ac.in/chemistry/faculty.html
Tharamani C.N.,Chemistry,Professor,current,,https://tharamani.wixsite.com/tharagroup/,tharamani@iitrpr.ac.in,,,,,,https://tharamani.wixsite.com/tharagroup/,https://www.iitrpr.ac.in/chemistry/faculty.html
Yashveer Singh,Chemistry,Associate Professor,current,,https://sites.google.com/view/yash-iitropar,yash@iitrpr.ac.in,,,,,,https://sites.google.com/view/yash-iitropar,https://www.iitrpr.ac.in/chemistry/faculty.html
Asit K. Chakraborti,Chemistry,Visiting Faculty (2020-2021),former,2020,,,,,,,,,https://www.iitrpr.ac.in/chemistry/faculty.html
Vimal K. Bharadwaj,Chemistry,DST Inspire Faculty (2012-2018),former,2012,,,,,,,,,https://www.iitrpr.ac.in/chemistry/faculty.html
Aditya Singh Rajput,Civil Engineering,Assistant Professor,current,2019,https://adirajcivil.com/,aditya.rajput@iitrpr.ac.in,,https://scholar.google.com/citations?user=AgUC9zoAAAAJ,,,,https://adirajcivil.com/,https://www.iitrpr.ac.in/civil/?member_category=current-faculties
Ganesh R,Civil Engineering,Assistant Professor,current,2023,https://sites.google.com/view/ravi-ganesh/home,ganesh@iitrpr.ac.in,,https://scholar.google.com/citations?user=GYBJrXoAAAAJ,,57192717180,,https://sites.google.com/view/ravi-ganesh/home,https://www.iitrpr.ac.in/civil/?member_category=current-faculties
Ickkshaanshu Sonkar,Civil Engineering,Assistant Professor,current,2019,https://www.iitrpr.ac.in/node/3537,ickkshaanshu@iitrpr.ac.in,0000-0002-3147-0158,https://scholar.google.com/citations?user=DQkTdrwAAAAJ,,,,,https://www.iitrpr.ac.in/civil/?member_category=current-faculties
Indramani Dhada,Civil Engineering,Assistant Professor,current,2020,https://sites.google.com/iitrpr.ac.in/indramanidhada,idhada@iitrpr.ac.in,0000-0003-2718-536X,https://scholar.google.com/citations?user=ZCNeF4EAAAAJ,,,,https://sites.google.com/iitrpr.ac.in/indramanidhada,https://www.iitrpr.ac.in/civil/?member_category=current-faculties
L Vijay Anand,Civil Engineering,Assistant Professor,current,2017,https://www.iitrpr.ac.in/vijayanand,vijayanand@iitrpr.ac.in,,https://scholar.google.com/citations?user=IBUM8kIAAAAJ,,,,,https://www.iitrpr.ac.in/civil/?member_category=current-faculties
Mitesh Surana,Civil Engineering,Assistant Professor,current,2019,https://sites.google.com/view/mitesh-surana,msurana@iitrpr.ac.in,,https://scholar.google.com/citations?user=Qg9bO4oAAAAJ,,,,https://sites.google.com/view/mitesh-surana,https://www.iitrpr.ac.in/civil/?member_category=current-faculties
Muthulingam Subramaniyan,Civil Engineering,Associate Professor,current,2018,https://www.iitrpr.ac.in/cse/muthulingam,muthulingam.subramaniyan@iitrpr.ac.in,,https://scholar.google.com/citations?user=cC_mnw0AAAAJ,,,,,https://www.iitrpr.ac.in/civil/?member_category=current-faculties
Naveen James,Civil Engineering,Associate Professor,current,2016,https://www.naveenjames.in/,naveen.james@iitrpr.ac.in,0000-0001-5910-1103,https://scholar.google.com/citations?user=KYWpPF4AAAAJ,,,,https://www.naveenjames.in,https://www.iitrpr.ac.in/civil/?member_category=current-faculties
Neelam Gunjyal,Civil Engineering,Assistant Professor,current,,https://www.iitrpr.ac.in/sites/default/files/Dr.%20Neelam%20Gunjyal-%20CV.pdf,neelam.gunjyal@iitrpr.ac.in,,,,,,,https://www.iitrpr.ac.in/civil/?member_category=current-faculties
Putul Haldar,Civil Engineering,Associate Professor,current,2016,https://www.iitrpr.ac.in/putulhaldar,putul.haldar@iitrpr.ac.in,0000-0003-4570-5306,https://scholar.google.com/citations?user=3dIhovQAAAAJ,,,,,https://www.iitrpr.ac.in/civil/?member_category=current-faculties
Raheena M.,Civil Engineering,Assistant Professor,current,2019,https://www.iitrpr.ac.in/raheena,raheena@iitrpr.ac.in,,https://scholar.google.com/citations?user=N-ZzgwMAAAAJ,,,,,https://www.iitrpr.ac.in/civil/?member_category=current-faculties
Rahul T.M,Civil Engineering,Associate Professor,current,2018,https://www.rahultm.com,tm.rahul@iitrpr.ac.in,0000-0002-7121-9881,https://scholar.google.com/citations?user=tAGNq5QAAAAJ,,,,https://www.rahultm.com,https://www.iitrpr.ac.in/civil/?member_category=current-faculties
Ratan Sarmah,Civil Engineering,Assistant Professor,current,2018,https://www.iitrpr.ac.in/ratan,ratan@iitrpr.ac.in,,,,,,,https://www.iitrpr.ac.in/civil/?member_category=current-faculties
Reet Kamal Tiwari,Civil Engineering,Associate Professor (Head of Department),current,2016,https://www.iitrpr.ac.in/reet,reetkamal@iitrpr.ac.in,0000-0002-3867-6036,https://scholar.google.com/citations?user=H6VojygAAAAJ,,,,,https://www.iitrpr.ac.in/civil/?member_category=current-faculties
Resmi Sebastian,Civil Engineering,Assistant Professor,current,2017,https://www.iitrpr.ac.in/resmi,resmi@iitrpr.ac.in,0009-0002-0495-690X,https://scholar.google.com/citations?user=vkKqubUAAAAJ,,,,,https://www.iitrpr.ac.in/civil/?member_category=current-faculties
Sagar Rohidas Chavan,Civil Engineering,Associate Professor,current,2016,https://www.iitrpr.ac.in/civilfaculty/sagarrohidas,sagar@iitrpr.ac.in,,https://scholar.google.com/citations?user=QxGIYLIAAAAJ,,,,,https://www.iitrpr.ac.in/civil/?member_category=current-faculties
Sayantan Ganguly,Civil Engineering,Assistant Professor,current,2018,https://sites.google.com/view/dr-sayantan-ganguly/home,sayantan.ganguly@iitrpr.ac.in,0000-0002-9992-7118,https://scholar.google.com/citations?user=IRK80OUAAAAJ,,,,https://sites.google.com/view/dr-sayantan-ganguly/researchswim-lab?authuser=0,https://www.iitrpr.ac.in/civil/?member_category=current-faculties
Shray Pathak,Civil Engineering,Assistant Professor,current,2023,https://sites.google.com/view/shraypathak,shray.pathak@iitrpr.ac.in,0000-0003-0733-0216,https://scholar.google.com/citations?user=JId_NPEAAAAJ,,,,https://sites.google.com/view/shraypathak,https://www.iitrpr.ac.in/civil/?member_category=current-faculties
Surya Kant Sahdeo,Civil Engineering,Assistant Professor,current,,,surya.kant@iitrpr.ac.in,,,,,,,https://www.iitrpr.ac.in/civil/?member_category=current-faculties
Abhishek Chakraborty,Civil Engineering,Assistant Professor,former,2018,https://www.iitrpr.ac.in/hi/civil/abhishek.chakraborty,a.chakraborty@iitrpr.ac.in,,,,,,,https://www.iitrpr.ac.in/civil/?member_category=former-faculties
Amar Nath Roy Chowdhury,Civil Engineering,Assistant Professor,former,2017,https://www.iitrpr.ac.in/node/2392,amarrc@iitrpr.ac.in,0000-0002-4961-5626,,,,,,https://www.iitrpr.ac.in/civil/?member_category=former-faculties
Deepak Kashyap,Civil Engineering,Visiting Professor,former,2016,,deepakkashyap@iitrpr.ac.in,,,,,,,https://www.iitrpr.ac.in/civil/?member_category=former-faculties
Anil Shukla,Computer Science and Engineering,Assistant Professor,current,2018,https://cse.iitrpr.ac.in/people/faculty/anilshukla,anilshukla@iitrpr.ac.in,0009-0009-9051-4374,https://scholar.google.com/citations?user=YsjgExMAAAAJ,https://dblp.org/pid/161/4030.html,,,,https://cse.iitrpr.ac.in/api/v1/faculty
Apurva Mudgal,Computer Science and Engineering,Associate Professor,current,,https://cse.iitrpr.ac.in/people/faculty/apurva,apurva@iitrpr.ac.in,,,,,,,https://cse.iitrpr.ac.in/api/v1/faculty
Balwinder Sodhi,Computer Science and Engineering,Associate Professor,current,,https://cse.iitrpr.ac.in/people/faculty/sodhi,sodhi@iitrpr.ac.in,0000-0001-7137-5529,,,,,,https://cse.iitrpr.ac.in/api/v1/faculty
Basant Subba,Computer Science and Engineering,Assistant Professor,current,2022,https://cse.iitrpr.ac.in/people/faculty/basantsubba,basant.subba@iitrpr.ac.in,0000-0001-9482-8324,https://scholar.google.com/citations?user=C5F7cYsAAAAJ,,,,,https://cse.iitrpr.ac.in/api/v1/faculty
Deepti R. Bathula,Computer Science and Engineering,Associate Professor,current,,https://cse.iitrpr.ac.in/people/faculty/bathula,bathula@iitrpr.ac.in,0000-0002-1383-3744,https://scholar.google.com/citations?user=msRMYTkAAAAJ,,,,,https://cse.iitrpr.ac.in/api/v1/faculty
Geeta,Computer Science and Engineering,Assistant Professor,current,2024,https://cse.iitrpr.ac.in/people/faculty/geeta,geeta@iitrpr.ac.in,,https://scholar.google.com/citations?user=wtOTwBEAAAAJ,,,,,https://cse.iitrpr.ac.in/api/v1/faculty
Jagpreet Singh,Computer Science and Engineering,Assistant Professor,current,2022,https://cse.iitrpr.ac.in/people/faculty/jagpreets,jagpreets@iitrpr.ac.in,,https://scholar.google.com/citations?user=aqJbfsoAAAAJ,,,,,https://cse.iitrpr.ac.in/api/v1/faculty
Loitongbam Gyanendro Singh,Computer Science and Engineering,Assistant Professor,current,2025,https://cse.iitrpr.ac.in/people/faculty/gyanendro,gyanendro@iitrpr.ac.in,,https://scholar.google.com/citations?user=eaDX5lwAAAAJ,,,,,https://cse.iitrpr.ac.in/api/v1/faculty
Manish Kumar,Computer Science and Engineering,Assistant Professor,current,2025,https://cse.iitrpr.ac.in/people/faculty/manishk,manishk@iitrpr.ac.in,,https://scholar.google.com/citations?user=MCe55UQAAAAJ,https://dblp.uni-trier.de/pid/35/4332-11.html,,,,https://cse.iitrpr.ac.in/api/v1/faculty
Mudasir Ahmad Ganaie,Computer Science and Engineering,Assistant Professor,current,2023,https://cse.iitrpr.ac.in/people/faculty/mudasir,mudasir@iitrpr.ac.in,0000-0002-3986-4434,https://scholar.google.com/citations?user=XMXGZ-EAAAAJ,,,,,https://cse.iitrpr.ac.in/api/v1/faculty
Mukesh Saini,Computer Science and Engineering,Associate Professor,current,2016,https://cse.iitrpr.ac.in/people/faculty/mukesh,mukesh@iitrpr.ac.in,,,,,,,https://cse.iitrpr.ac.in/api/v1/faculty
Neeraj Goel,Computer Science and Engineering,Associate Professor,current,2016,https://cse.iitrpr.ac.in/people/faculty/neeraj,neeraj@iitrpr.ac.in,0000-0003-3824-9437,https://scholar.google.com/citations?user=hq7DCH8AAAAJ,,,,,https://cse.iitrpr.ac.in/api/v1/faculty
Nitin Auluck,Computer Science and Engineering,Professor,current,,https://cse.iitrpr.ac.in/people/faculty/nitin,nitin@iitrpr.ac.in,0000-0002-4487-3255,,,,,,https://cse.iitrpr.ac.in/api/v1/faculty
Puneet Goyal,Computer Science and Engineering,Associate Professor,current,2016,https://cse.iitrpr.ac.in/people/faculty/puneet,puneet@iitrpr.ac.in,0000-0002-6196-9347,,,,,,https://cse.iitrpr.ac.in/api/v1/faculty
Shashi Shekhar Jha,Computer Science and Engineering,Associate Professor,current,2018,https://cse.iitrpr.ac.in/people/faculty/shashi,shashi@iitrpr.ac.in,,https://scholar.google.com/citations?user=sgOa04gAAAAJ,,,,,https://cse.iitrpr.ac.in/api/v1/faculty
Shweta Jain,Computer Science and Engineering,Assistant Professor,current,2019,https://cse.iitrpr.ac.in/people/faculty/shwetajain,shwetajain@iitrpr.ac.in,0000-0002-2666-9058,https://scholar.google.com/citations?user=GCQ9aYcAAAAJ,,,,,https://cse.iitrpr.ac.in/api/v1/faculty
Sudarshan Iyengar,Computer Science and Engineering,Associate Professor,current,,https://cse.iitrpr.ac.in/people/faculty/sudarshan,sudarshan@iitrpr.ac.in,,,,,,,https://cse.iitrpr.ac.in/api/v1/faculty
Sudeepta Mishra,Computer Science and Engineering,Assistant Professor,current,2020,https://cse.iitrpr.ac.in/people/faculty/sudeepta,sudeepta@iitrpr.ac.in,,,,,,,https://cse.iitrpr.ac.in/api/v1/faculty
Sujata Pal,Computer Science and Engineering,Associate Professor,current,2016,https://cse.iitrpr.ac.in/people/faculty/sujata,sujata@iitrpr.ac.in,0000-0001-6652-9669,,,,,,https://cse.iitrpr.ac.in/api/v1/faculty
Swapnil Dhamal,Computer Science and Engineering,Assistant Professor,current,2023,https://cse.iitrpr.ac.in/people/faculty/swapnil,swapnil.dhamal@iitrpr.ac.in,0000-0001-7434-0778,https://scholar.google.com/citations?user=ovEAdKMAAAAJ,https://dblp.org/pid/00/10825.html,,,,https://cse.iitrpr.ac.in/api/v1/faculty
T.V. Kalyan,Computer Science and Engineering,Assistant Professor,current,2018,https://cse.iitrpr.ac.in/people/faculty/kalyantv,kalyantv@iitrpr.ac.in,,https://scholar.google.com/citations?user=EGcu2wsAAAAJ,,,,,https://cse.iitrpr.ac.in/api/v1/faculty
Gurdip Singh,Computer Science and Engineering,"Divisional Dean, School of Computing",adjunct,,https://cse.iitrpr.ac.in/people/faculty/gurdip,gsingh36@gmu.edu,,,,,,,https://cse.iitrpr.ac.in/api/v1/faculty
Nirmaljeet Singh Kalsi,Computer Science and Engineering,Distinguished Visiting Professor,visiting,,https://cse.iitrpr.ac.in/people/faculty/nirmaljeet,ns.kalsi@iitrpr.ac.in,,,,,,,https://cse.iitrpr.ac.in/api/v1/faculty
Abhinandan S P,Computer Science and Engineering,Assistant Professor,former,2023,https://cse.iitrpr.ac.in/people/faculty/abhinandansp,abhinandansp@iitrpr.ac.in,,,,,,,https://cse.iitrpr.ac.in/api/v1/faculty
Abhinav Dhall,Computer Science and Engineering,Associate Professor,former,2016,https://cse.iitrpr.ac.in/people/faculty/abhinav,,,,,,,,https://cse.iitrpr.ac.in/api/v1/faculty
Daya Gaur,Computer Science and Engineering,Professor,former,,https://cse.iitrpr.ac.in/people/faculty/daya,,,,,,,,https://cse.iitrpr.ac.in/api/v1/faculty
Junghyun Jun,Computer Science and Engineering,Faculty,former,2016,https://cse.iitrpr.ac.in/people/faculty/junghyun,,0000-0001-7037-3935,,,,,,https://cse.iitrpr.ac.in/api/v1/faculty
Narayanan C. Krishnan,Computer Science and Engineering,Assistant Professor,former,,https://cse.iitrpr.ac.in/people/faculty/c.k.,ckn@iitrpr.ac.in,,,,,,,https://cse.iitrpr.ac.in/api/v1/faculty
Ramanathan Subramanian,Computer Science and Engineering,Faculty,former,2019,https://cse.iitrpr.ac.in/people/faculty/ramanathan,,,,,,,,https://cse.iitrpr.ac.in/api/v1/faculty
Saswata Shannigrahi,Computer Science and Engineering,,former,,,,,,,,,,http://web.archive.org/web/20181231041105id_/http://cse.iitrpr.ac.in/faculty
Shirshendu Das,Computer Science and Engineering,Assistant Professor,former,2018,https://cse.iitrpr.ac.in/people/faculty/shirshendu,shirshendu@iitrpr.ac.in,,,,,,,https://cse.iitrpr.ac.in/api/v1/faculty
Somitra Sanadhya,Computer Science and Engineering,Professor,former,2017,https://cse.iitrpr.ac.in/people/faculty/somitra,,0000-0003-1046-184X,,,,,,https://cse.iitrpr.ac.in/api/v1/faculty
Tarique Anwar,Computer Science and Engineering,Faculty,former,2017,https://cse.iitrpr.ac.in/people/faculty/tarique,,0000-0001-7157-0236,,,,,,https://cse.iitrpr.ac.in/api/v1/faculty
Venkata M Viswanath Gunturi,Computer Science and Engineering,,former,2017,,,0000-0002-0676-0241,,,,,,http://web.archive.org/web/20240615041242id_/https://cse.iitrpr.ac.in/people/faculties-cse
A. V. Ravi Teja,Electrical Engineering,Associate Professor,current,2017,https://www.iitrpr.ac.in/ee/profile.faculty.php?mail=avraviteja%40iitrpr.ac.in,avraviteja@iitrpr.ac.in,,https://scholar.google.com/citations?user=wp5W3V8AAAAJ,,,,https://sites.google.com/iitrpr.ac.in/edge,https://www.iitrpr.ac.in/ee/faculty.php
Abhishek Kumar Singh,Electrical Engineering,Assistant Professor,current,,https://www.iitrpr.ac.in/ee/profile.faculty.php?mail=akumar%40iitrpr.ac.in,akumar@iitrpr.ac.in,,,,,,,https://www.iitrpr.ac.in/ee/faculty.php
Ashwani Sharma,Electrical Engineering,Associate Professor,current,2018,https://www.iitrpr.ac.in/ee/profile.faculty.php?mail=ashwani.sharma%40iitrpr.ac.in,ashwani.sharma@iitrpr.ac.in,,https://scholar.google.com/citations?user=lWIvByAAAAAJ,,,,https://sites.google.com/iitrpr.ac.in/ashwani-sharma/,https://www.iitrpr.ac.in/ee/faculty.php
Bibhu Prasad Padhy,Electrical Engineering,Associate Professor,current,,https://www.iitrpr.ac.in/ee/profile.faculty.php?mail=bibhu%40iitrpr.ac.in,bibhu@iitrpr.ac.in,,https://scholar.google.com/citations?user=Oz5tUxkAAAAJ,,,,,https://www.iitrpr.ac.in/ee/faculty.php
Brajesh Rawat,Electrical Engineering,Associate Professor,current,2018,https://www.iitrpr.ac.in/ee/profile.faculty.php?mail=r.brajesh%40iitrpr.ac.in,r.brajesh@iitrpr.ac.in,,https://scholar.google.com/citations?user=T1yqvxIAAAAJ,,,,https://sites.google.com/iitrpr.ac.in/brajeshrawat/,https://www.iitrpr.ac.in/ee/faculty.php
Brijesh Kumbhani,Electrical Engineering,Assistant Professor,current,2016,https://www.iitrpr.ac.in/ee/profile.faculty.php?mail=brijesh%40iitrpr.ac.in,brijesh@iitrpr.ac.in,,,,,,,https://www.iitrpr.ac.in/ee/faculty.php
C. C. Reddy,Electrical Engineering,Professor and Head of the Department,current,2011,https://www.iitrpr.ac.in/ee/profile.faculty.php?mail=reddy%40iitrpr.ac.in,reddy@iitrpr.ac.in,,https://scholar.google.com/citations?user=GJ38AocAAAAJ,,,,,https://www.iitrpr.ac.in/ee/faculty.php
Devarshi Mrinal Das,Electrical Engineering,Assistant Professor,current,2018,https://www.iitrpr.ac.in/ee/profile.faculty.php?mail=devarshi.das%40iitrpr.ac.in,devarshi.das@iitrpr.ac.in,,https://scholar.google.com/citations?user=Nq22UUwAAAAJ,,,,https://www.devarshi.in/,https://www.iitrpr.ac.in/ee/faculty.php
Jyotindra Singh Sahambi,Electrical Engineering,Professor,current,,https://www.iitrpr.ac.in/ee/profile.faculty.php?mail=jsahambi%40iitrpr.ac.in,jsahambi@iitrpr.ac.in,0009-0003-2379-2856,,,,,,https://www.iitrpr.ac.in/ee/faculty.php
K. Ramachandra Sekhar,Electrical Engineering,Associate Professor,current,2017,https://www.iitrpr.ac.in/ee/profile.faculty.php?mail=sekhar%40iitrpr.ac.in,sekhar@iitrpr.ac.in,,https://scholar.google.com/citations?user=mD5FcEMAAAAJ,,,,,https://www.iitrpr.ac.in/ee/faculty.php
Kalaiselvi J,Electrical Engineering,Associate Professor,current,2017,https://www.iitrpr.ac.in/ee/profile.faculty.php?mail=kalaiselvi%40iitrpr.ac.in,kalaiselvi@iitrpr.ac.in,,https://scholar.google.com/citations?user=glyRncsAAAAJ,,,,https://sites.google.com/iitrpr.ac.in/ampe4re,https://www.iitrpr.ac.in/ee/faculty.php
Mahendra Sakare,Electrical Engineering,Assistant Professor,current,2018,https://www.iitrpr.ac.in/ee/profile.faculty.php?mail=mahendra%40iitrpr.ac.in,mahendra@iitrpr.ac.in,,https://scholar.google.com/citations?user=tNQyN5sAAAAJ,,,https://iitrpr.irins.org/profile/99594#expertise_information_panel,https://sites.google.com/a/iitrpr.ac.in/mahendra/home,https://www.iitrpr.ac.in/ee/faculty.php
Pardeep Duhan,Electrical Engineering,Assistant Professor,current,2020,https://www.iitrpr.ac.in/ee/profile.faculty.php?mail=pduhan%40iitrpr.ac.in,pduhan@iitrpr.ac.in,0000-0001-6666-0640,https://scholar.google.com/citations?user=Y9ZKiYYAAAAJ,,,,https://www.iitrpr.ac.in/pduhan/,https://www.iitrpr.ac.in/ee/faculty.php
Raghav Sharma,Electrical Engineering,Inspire Faculty,current,2023,https://www.iitrpr.ac.in/ee/profile.faculty.php?mail=raghav.sharma%40iitrpr.ac.in,raghav.sharma@iitrpr.ac.in,0000-0003-3451-3253,https://scholar.google.com/citations?user=iNvWAccAAAAJ,,57203544380,,https://www.theraghavsharma.info/,https://www.iitrpr.ac.in/ee/faculty.php
Ranjana Sodhi,Electrical Engineering,Associate Professor,current,,https://www.iitrpr.ac.in/ee/profile.faculty.php?mail=rsodhi%40iitrpr.ac.in,rsodhi@iitrpr.ac.in,,https://scholar.google.com/citations?user=QGjIzxEAAAAJ,,,,https://sites.google.com/iitrpr.ac.in/symarlab/symar-lab,https://www.iitrpr.ac.in/ee/faculty.php
Rohit Sharma,Electrical Engineering,Professor,current,,https://www.iitrpr.ac.in/ee/profile.faculty.php?mail=rohit%40iitrpr.ac.in,rohit@iitrpr.ac.in,0000-0002-7795-7551,https://scholar.google.com/citations?user=6QT6IE4AAAAJ,,,,https://sites.google.com/site/rysharma/home,https://www.iitrpr.ac.in/ee/faculty.php
S. Roy,Electrical Engineering,Professor,current,,https://www.iitrpr.ac.in/ee/profile.faculty.php?mail=roys%40iitrpr.ac.in,roys@iitrpr.ac.in,,,,,,,https://www.iitrpr.ac.in/ee/faculty.php
Saifullah Payami,Electrical Engineering,Associate Professor,current,2017,https://www.iitrpr.ac.in/ee/profile.faculty.php?mail=saif.payami%40iitrpr.ac.in,saif.payami@iitrpr.ac.in,0000-0002-0590-5314,https://scholar.google.com/citations?user=oL2oEOAAAAAJ,,,,,https://www.iitrpr.ac.in/ee/faculty.php
Sam Darshi,Electrical Engineering,Associate Professor,current,2016,https://www.iitrpr.ac.in/ee/profile.faculty.php?mail=sam%40iitrpr.ac.in,sam@iitrpr.ac.in,,https://scholar.google.com/citations?user=GR9xOH4AAAAJ,,,,https://sites.google.com/a/iitrpr.ac.in/dr-sam-darshi/home?authuser=0,https://www.iitrpr.ac.in/ee/faculty.php
Satyam Agarwal,Electrical Engineering,Associate Professor,current,2018,https://www.iitrpr.ac.in/ee/profile.faculty.php?mail=satyam%40iitrpr.ac.in,satyam@iitrpr.ac.in,0000-0002-1847-2773,https://scholar.google.com/citations?user=ceUqwN4AAAAJ,,,,https://sites.google.com/iitrpr.ac.in/satyam,https://www.iitrpr.ac.in/ee/faculty.php
Suman Kumar,Electrical Engineering,Associate Professor,current,2016,https://www.iitrpr.ac.in/ee/profile.faculty.php?mail=suman%40iitrpr.ac.in,suman@iitrpr.ac.in,,https://scholar.google.com/citations?user=zUAA1f9ajZ4C,,,,,https://www.iitrpr.ac.in/ee/faculty.php
Abhishek Sharma,Electrical Engineering,Assistant Professor,former,2020,https://www.iitrpr.ac.in/ee/profile.faculty.php?mail=abhishek%40iitrpr.ac.in,abhishek@iitrpr.ac.in,,,,,,,https://web.archive.org/web/20221001055116id_/https://www.iitrpr.ac.in/ee/faculty.html
Debdeep Sarkar,Electrical Engineering,Assistant Professor,former,2020,,,,,,,,,https://www.iitrpr.ac.in/downloads/sites/default/files/Reports/Annual%20Report%202020-2021.pdf
Ramesh Garg,Electrical Engineering,Visiting Professor,former,2015,,,,,,,,,http://web.archive.org/web/20190825120059id_/http://ee.iitrpr.ac.in/Faculty.html
Ravi Shankar R. Velampati,Electrical Engineering,,former,,,,,,,,,,https://web.archive.org/web/20160708114457id_/http://www.iitrpr.ac.in:80/electrical-engineering
Ravibabu Mulaveesala,Electrical Engineering,,former,,,,,,,,,,http://web.archive.org/web/20190825120059id_/http://ee.iitrpr.ac.in/Faculty.html
Shruti Verma,Electrical Engineering,Assistant Professor (Visiting Faculty from 2016-17),former,2016,,,,,,,,,https://web.archive.org/web/20180706040830id_/http://www.iitrpr.ac.in:80/electrical-engineering
Subrahmanyam Murala,Electrical Engineering,Associate Professor,former,,https://www.iitrpr.ac.in/ee/profile.faculty.php?mail=subbumurala%40iitrpr.ac.in,subbumurala@iitrpr.ac.in,0000-0002-1407-6204,https://scholar.google.com/citations?user=5lGnNQoAAAAJ,,,,,https://www.iitrpr.ac.in/ee/faculty.php
Vinayak Hande,Electrical Engineering,,former,2016,,,,,,,,,http://web.archive.org/web/20190825120059id_/http://ee.iitrpr.ac.in/Faculty.html
Amritesh,Humanities and Social Sciences,Assistant Professor (Management) & Head,current,2016,https://www.iitrpr.ac.in/hss/profile.faculty.php?mail=amritesh%40iitrpr.ac.in,amritesh@iitrpr.ac.in,,https://scholar.google.com/citations?user=SSPplG0AAAAJ,,,,,https://www.iitrpr.ac.in/hss/faculty.php
Aparna N,Humanities and Social Sciences,Assistant Professor (English),current,2018,https://www.iitrpr.ac.in/hss/profile.faculty.php?mail=aparna.nandha%40iitrpr.ac.in,aparna.nandha@iitrpr.ac.in,,https://scholar.google.com/citations?user=lBL4XFUAAAAJ,,,,,https://www.iitrpr.ac.in/hss/faculty.php
Bhavesh Garg,Humanities and Social Sciences,Assistant Professor (Economics),current,2019,https://www.iitrpr.ac.in/hss/profile.faculty.php?mail=bhavesh%40iitrpr.ac.in,bhavesh@iitrpr.ac.in,0000-0003-2573-6084,https://scholar.google.com/citations?user=TZyjbLYAAAAJ,,,,https://sites.google.com/view/bhaveshgarg89,https://www.iitrpr.ac.in/hss/faculty.php
Dibyakusum Ray,Humanities and Social Sciences,Associate Professor (English),current,2018,https://www.iitrpr.ac.in/hss/profile.faculty.php?mail=dibyakusum%40iitrpr.ac.in,dibyakusum@iitrpr.ac.in,0000-0002-9537-3277,https://scholar.google.com/citations?user=ilBPvSYAAAAJ,,,,,https://www.iitrpr.ac.in/hss/faculty.php
Kamal Kumar Choudhary,Humanities and Social Sciences,Associate Professor (Linguistics),current,,https://www.iitrpr.ac.in/hss/profile.faculty.php?mail=kamal%40iitrpr.ac.in,kamal@iitrpr.ac.in,0000-0002-0232-0003,,,,,https://sites.google.com/site/iitrprlcl/home?pli=1,https://www.iitrpr.ac.in/hss/faculty.php
Parwinder Singh,Humanities and Social Sciences,Associate Professor (Psychology),current,2018,https://www.iitrpr.ac.in/hss/profile.faculty.php?mail=singh_parwinder%40iitrpr.ac.in,singh_parwinder@iitrpr.ac.in,,,,,,,https://www.iitrpr.ac.in/hss/faculty.php
Rano Ringo,Humanities and Social Sciences,Associate Professor (English),current,,https://www.iitrpr.ac.in/hss/profile.faculty.php?mail=ranoringo%40iitrpr.ac.in,ranoringo@iitrpr.ac.in,,,,,,,https://www.iitrpr.ac.in/hss/faculty.php
Ravi Kumar,Humanities and Social Sciences,Assistant Professor (Management),current,2022,https://www.iitrpr.ac.in/hss/profile.faculty.php?mail=ravi.kumar%40iitrpr.ac.in,ravi.kumar@iitrpr.ac.in,,https://scholar.google.com/citations?user=8pd0i_MAAAAJ,,,,,https://www.iitrpr.ac.in/hss/faculty.php
Samaresh Bardhan,Humanities and Social Sciences,Associate Professor (Economics),current,,https://www.iitrpr.ac.in/hss/profile.faculty.php?mail=samaresh%40iitrpr.ac.in,samaresh@iitrpr.ac.in,0000-0003-2423-7857,,,,,,https://www.iitrpr.ac.in/hss/faculty.php
Smruti Ranjan Behera,Humanities and Social Sciences,Associate Professor (Economics),current,2013,https://www.iitrpr.ac.in/hss/profile.faculty.php?mail=smruti.ranjan%40iitrpr.ac.in,smruti.ranjan@iitrpr.ac.in,0000-0002-0474-1303,https://scholar.google.com/citations?user=sXNmssEAAAAJ,,,,https://sites.google.com/iitrpr.ac.in/smruti-ranjan-behera2022,https://www.iitrpr.ac.in/hss/faculty.php
Somdev Kar,Humanities and Social Sciences,Associate Professor (Linguistics),current,,https://www.iitrpr.ac.in/hss/profile.faculty.php?mail=somdev.kar%40iitrpr.ac.in,somdev.kar@iitrpr.ac.in,0000-0002-2133-7900,https://scholar.google.com/citations?user=kxR2FJQAAAAJ,,,,,https://www.iitrpr.ac.in/hss/faculty.php
Sreekumar Jayadevan,Humanities and Social Sciences,Assistant Professor (Philosophy),current,2016,https://www.iitrpr.ac.in/hss/profile.faculty.php?mail=sreekumar%40iitrpr.ac.in,sreekumar@iitrpr.ac.in,0000-0002-4916-2858,,,,,,https://www.iitrpr.ac.in/hss/faculty.php
Ansu Louis,Humanities and Social Sciences,Assistant Professor,former,2015,,ansu@iitrpr.ac.in,,,,,,,https://web.archive.org/web/20250108183003id_/https://www.iitrpr.ac.in/hss/faculty
Bijoy H. Boruah,Humanities and Social Sciences,Visiting Professor,former,2018,,bijoy@iitrpr.ac.in,,,,,,,https://web.archive.org/web/2024id_/http://www.iitrpr.ac.in/sites/default/files/IIT%20Ropar%20Annual%20Report%20Final.pdf
Devaraj P,Humanities and Social Sciences,Assistant Professor,former,2018,,dev@iitrpr.ac.in,,,,,,,https://web.archive.org/web/2024id_/http://www.iitrpr.ac.in/sites/default/files/IIT%20Ropar%20Annual%20Report%20Final.pdf
Dipanjan Kumar Dey,Humanities and Social Sciences,Assistant Professor,former,2016,,dipanjan@iitrpr.ac.in,,,,,,,https://web.archive.org/web/2024id_/http://www.iitrpr.ac.in/sites/default/files/IIT%20Ropar%20Annual%20Report%20Final.pdf
Swathi Krishna S.,Humanities and Social Sciences,Assistant Professor,former,2018,,swathi@iitrpr.ac.in,,,,,,,https://www.iitrpr.ac.in/downloads/sites/default/files/IIT%20Ropar%20Annual%20Report%202022-23%20Optimized.pdf
A. Sairam Kaliraj,Mathematics,Associate Professor,current,2018,https://www.iitrpr.ac.in/maths/?p=3169,sairam@iitrpr.ac.in,,,,,,,https://www.iitrpr.ac.in/maths/?page_id=1368
Arti Pandey,Mathematics,Associate Professor,current,2016,https://www.iitrpr.ac.in/maths/?p=2848,arti@iitrpr.ac.in,,,,,,,https://www.iitrpr.ac.in/maths/?page_id=1368
Arun Kumar,Mathematics,Associate Professor,current,2016,https://www.iitrpr.ac.in/maths/?p=2864,arun.kumar@iitrpr.ac.in,,,,,,,https://www.iitrpr.ac.in/maths/?page_id=1368
Arvind Kumar Gupta,Mathematics,Professor,current,2010,https://www.iitrpr.ac.in/maths/?p=2893,akgupta@iitrpr.ac.in,0000-0001-6671-6747,https://scholar.google.com/citations?user=6GGJg24AAAAJ,,,,,https://www.iitrpr.ac.in/maths/?page_id=1368
Balesh Kumar,Mathematics,Assistant Professor,current,2019,https://www.iitrpr.ac.in/maths/?p=2931,baleshkumar@iitrpr.ac.in,,,,,,,https://www.iitrpr.ac.in/maths/?page_id=1368
Deepak Singh,Mathematics,Assistant Professor,current,2023,https://www.iitrpr.ac.in/maths/?p=2968,deepak@iitrpr.ac.in,,,,,,,https://www.iitrpr.ac.in/maths/?page_id=1368
G Sankara Raju Kosuru,Mathematics,Associate Professor & Head,current,2014,https://www.iitrpr.ac.in/maths/?p=2985,raju@iitrpr.ac.in,0000-0003-3222-1492,https://scholar.google.com/citations?user=-AK3itMAAAAJ,,,,,https://www.iitrpr.ac.in/maths/?page_id=1368
Gurleen Kaur,Mathematics,Inspire Faculty,current,,,,,,,,,,https://www.iitrpr.ac.in/maths/?page_id=10024
Hari Vansh Rai Mittal,Mathematics,Assistant Professor,current,2023,https://www.iitrpr.ac.in/maths/?p=3019,hvrmittal@iitrpr.ac.in,0000-0002-8769-5882,https://scholar.google.com/citations?user=f2ONCVoAAAAJ,,,,,https://www.iitrpr.ac.in/maths/?page_id=1368
Jitendra Kumar,Mathematics,Professor,current,2022,http://iitrpr.ac.in/maths/?p=5302,jkumar@iitrpr.ac.in,,,,,,,https://www.iitrpr.ac.in/maths/?page_id=1368
Kaushik Mondal,Mathematics,Assistant Professor,current,2020,https://www.iitrpr.ac.in/maths/?p=3027,kaushik.mondal@iitrpr.ac.in,0000-0002-9606-9293,,,,,,https://www.iitrpr.ac.in/maths/?page_id=1368
M. Prabhakar,Mathematics,Associate Professor,current,2009,https://www.iitrpr.ac.in/maths/?p=14128,prabhakar@iitrpr.ac.in,,,,,,,https://www.iitrpr.ac.in/maths/?page_id=1368
Manju Khan,Mathematics,Associate Professor,current,2010,https://www.iitrpr.ac.in/maths/?p=3055,manju@iitrpr.ac.in,,,,,,,https://www.iitrpr.ac.in/maths/?page_id=1368
Manmohan Vashisth,Mathematics,Assistant Professor,current,2023,https://www.iitrpr.ac.in/maths/?p=3066,manmohanvashisth@iitrpr.ac.in,0000-0002-3417-4055,https://scholar.google.com/citations?user=Sy-AK-4AAAAJ,,57205335149,,,https://www.iitrpr.ac.in/maths/?page_id=1368
Manoranjan Mishra,Mathematics,Professor,current,2010,https://www.iitrpr.ac.in/maths/?p=3084,manoranjan@iitrpr.ac.in,0000-0001-9933-5828,,,,,,https://www.iitrpr.ac.in/maths/?page_id=1368
Partha Sharathi Dutta,Mathematics,Professor,current,2013,https://www.iitrpr.ac.in/maths/?p=3127,parthasharathi@iitrpr.ac.in,0000-0001-6067-1023,https://scholar.google.com/citations?user=Z4UQEA0AAAAJ,,,,,https://www.iitrpr.ac.in/maths/?page_id=1368
Puneet Pasricha,Mathematics,Assistant Professor,current,2023,https://www.iitrpr.ac.in/maths/?p=3149,puneet.pasricha@iitrpr.ac.in,,,,,,,https://www.iitrpr.ac.in/maths/?page_id=1368
Santanu Sarkar,Mathematics,Assistant Professor,current,2018,https://www.iitrpr.ac.in/maths/?p=3193,santanu@iitrpr.ac.in,,,,,,,https://www.iitrpr.ac.in/maths/?page_id=1368
Subash Chandra Martha,Mathematics,Professor,current,2010,https://www.iitrpr.ac.in/maths/?p=3211,scmartha@iitrpr.ac.in,0000-0003-3276-3179,,,,,,https://www.iitrpr.ac.in/maths/?page_id=1368
Tapas Chatterjee,Mathematics,Associate Professor,current,,https://www.iitrpr.ac.in/maths/?p=3275,tapasc@iitrpr.ac.in,,,,,,,https://www.iitrpr.ac.in/maths/?page_id=1368
Bidhan Chandra Sardar,Mathematics,Assistant Professor,former,2019,,,0000-0003-1573-5723,,,,,,https://www.iitrpr.ac.in/maths/?page_id=2144
Chittaranjan Mishra,Mathematics,Assistant Professor,former,,,,0000-0002-7579-0305,,,,,,https://www.iitrpr.ac.in/maths/?page_id=2144
J. K. Sridhar,Mathematics,Visiting Professor,former,,,,,,,,,,https://www.iitrpr.ac.in/maths/?page_id=2144
Anupam Agrawal,Mechanical Engineering,Professor,current,,https://iitrpr.ac.in/mechanical/dr-anupam-agrawal/,anupam@iitrpr.ac.in,0000-0003-2156-4860,https://scholar.google.com/citations?user=I2_Yp1oAAAAJ,,,,https://sites.google.com/site/anupamagrawal/,https://iitrpr.ac.in/mechanical/faculty/
Chander Shekhar Sharma,Mechanical Engineering,Assistant Professor,current,2018,https://iitrpr.ac.in/mechanical/dr-chander-shekhar-sharma/,chander.sharma@iitrpr.ac.in,0000-0002-6193-6457,https://scholar.google.com/citations?user=plQFBS0AAAAJ,,,,https://sites.google.com/view/chanderlab/home?authuser=0,https://iitrpr.ac.in/mechanical/faculty/
Chandrakant Kumar Nirala,Mechanical Engineering,Associate Professor,current,2017,https://iitrpr.ac.in/mechanical/dr-chandrakant-nirala/,nirala@iitrpr.ac.in,0000-0001-9951-5781,https://scholar.google.com/citations?user=jAeVMEcAAAAJ,,,,,https://iitrpr.ac.in/mechanical/faculty/
Devranjan Samanta,Mechanical Engineering,Associate Professor,current,2016,https://iitrpr.ac.in/mechanical/dr-devranjan-samanta/,devranjan.samanta@iitrpr.ac.in,0000-0002-3406-1472,https://scholar.google.com/citations?user=oTYeYisAAAAJ,,,,,https://iitrpr.ac.in/mechanical/faculty/
Dhiraj K. Mahajan,Mechanical Engineering,Professor,current,,https://iitrpr.ac.in/mechanical/dr-dhiraj-mahajan/,dhiraj.mahajan@iitrpr.ac.in,0000-0002-5274-6176,https://scholar.google.com/citations?user=GUDzM8MAAAAJ,,,,https://rmmlventures.com/,https://iitrpr.ac.in/mechanical/faculty/
Ekta Singla,Mechanical Engineering,Associate Professor,current,,https://iitrpr.ac.in/mechanical/dr-ekta-singla/,ekta@iitrpr.ac.in,0000-0003-2842-3446,https://scholar.google.com/citations?user=d_-muPYAAAAJ,,,,,https://iitrpr.ac.in/mechanical/faculty/
Harpreet Singh,Mechanical Engineering,Professor,current,,https://iitrpr.ac.in/mechanical/dr-harpreet-singh/,harpreetsingh@iitrpr.ac.in,0000-0002-6812-2667,https://scholar.google.com/citations?user=1OWOJWsAAAAJ,,,,https://sites.google.com/view/yourlab-iitropar/home?authuser=0,https://iitrpr.ac.in/mechanical/faculty/
Harshad Gaikwad,Mechanical Engineering,Assistant Professor,current,,https://iitrpr.ac.in/mechanical/dr-harshad-gaikwad/,harshad.gaikwad@iitrpr.ac.in,0000-0002-3819-095X,https://scholar.google.com/citations?user=cY78Or4AAAAJ,,,,https://sites.google.com/view/harshad-gaikwad/home,https://iitrpr.ac.in/mechanical/faculty/
Himanshu Tyagi,Mechanical Engineering,Associate Professor,current,2009,https://iitrpr.ac.in/mechanical/dr-himanshu-tyagi/,himanshu.tyagi@iitrpr.ac.in,0000-0001-5475-5570,https://scholar.google.com/citations?user=oKdcFKEAAAAJ,,,,https://sites.google.com/site/tyagihimanshu/,https://iitrpr.ac.in/mechanical/faculty/
Jitendra Prasad,Mechanical Engineering,Associate Professor,current,,https://iitrpr.ac.in/mechanical/dr-jitendra-prasad/,jprasad@iitrpr.ac.in,0000-0001-6389-955X,https://scholar.google.com/citations?user=8KgLj9cAAAAJ,,,,,https://iitrpr.ac.in/mechanical/faculty/
Lipika Kabiraj,Mechanical Engineering,Assistant Professor,current,2017,https://iitrpr.ac.in/mechanical/dr-lipika-kabiraj/,lipika.kabiraj@iitrpr.ac.in,0000-0002-9434-6357,https://scholar.google.com/citations?user=UDZ21csAAAAJ,,,,https://lkabiraj.gitlab.io/,https://iitrpr.ac.in/mechanical/faculty/
Manish Agrawal,Mechanical Engineering,Assistant Professor,current,2019,https://iitrpr.ac.in/mechanical/dr-manish-agrawal/,manish.agrawal@iitrpr.ac.in,0000-0001-8682-3064,https://scholar.google.com/citations?user=NP5sZhUAAAAJ,,,,,https://iitrpr.ac.in/mechanical/faculty/
Navaneeth K. Marath,Mechanical Engineering,Assistant Professor,current,2020,https://iitrpr.ac.in/mechanical/dr-navaneeth/,navaneeth@iitrpr.ac.in,0000-0001-8769-2633,https://scholar.google.com/citations?user=jnthRuYAAAAJ,,,,https://sites.google.com/view/nmarath/home,https://iitrpr.ac.in/mechanical/faculty/
Navin Kumar,Mechanical Engineering,Professor (Head of Department),current,,https://iitrpr.ac.in/mechanical/dr-navin-kumar/,nkumar@iitrpr.ac.in,0000-0002-7958-8155,https://scholar.google.com/citations?user=b01eCwUAAAAJ,,,,,https://iitrpr.ac.in/mechanical/faculty/
Prabhat K. Agnihotri,Mechanical Engineering,Professor,current,,https://iitrpr.ac.in/mechanical/dr-prabhat-agnihotri/,prabhat@iitrpr.ac.in,0000-0002-8332-9279,https://scholar.google.com/citations?user=DIQmEesAAAAJ,,,,,https://iitrpr.ac.in/mechanical/faculty/
Prabir Sarkar,Mechanical Engineering,Professor,current,,https://iitrpr.ac.in/mechanical/dr-prabir-sarkar/,prabir@iitrpr.ac.in,0000-0002-1649-7678,https://scholar.google.com/citations?user=T4O6rLwAAAAJ,,55755355000,,https://sites.google.com/site/prabirsarkar/prabir,https://iitrpr.ac.in/mechanical/faculty/
Rajendra Munian,Mechanical Engineering,Assistant Professor,current,2022,https://iitrpr.ac.in/mechanical/dr-rajendra-munian/,rajendra.munian@iitrpr.ac.in,0000-0001-5387-1385,https://scholar.google.com/citations?user=Qpv4A3cAAAAJ,,,,,https://iitrpr.ac.in/mechanical/faculty/
Rakesh Maurya,Mechanical Engineering,Associate Professor,current,,https://iitrpr.ac.in/mechanical/dr-rakesh-maurya/,rakesh.maurya@iitrpr.ac.in,0000-0002-2698-7304,https://scholar.google.com/citations?user=DD0mL3gAAAAJ,,35422818600,,https://sites.google.com/site/rakeshmauryaiitropar/,https://iitrpr.ac.in/mechanical/faculty/
Ranjan Das,Mechanical Engineering,Associate Professor (On Lien),current,,,ranjandas@iitrpr.ac.in,0000-0001-9693-5895,,,,,,https://iitrpr.ac.in/mechanical/faculty/
Ravi Kant,Mechanical Engineering,Associate Professor,current,2017,https://iitrpr.ac.in/mechanical/dr-ravi-kant/,ravi.kant@iitrpr.ac.in,0000-0001-5414-4139,https://scholar.google.com/citations?user=VUybJyIAAAAJ,,,,,https://iitrpr.ac.in/mechanical/faculty/
Sachin Kumar,Mechanical Engineering,Associate Professor,current,2017,https://iitrpr.ac.in/mechanical/dr-sachin-kumar/,sachin@iitrpr.ac.in,0000-0002-4696-5778,https://scholar.google.com/citations?user=BVN5y1IAAAAJ,,,,,https://iitrpr.ac.in/mechanical/faculty/
Samir Chandra Roy,Mechanical Engineering,Assistant Professor,current,2017,https://iitrpr.ac.in/mechanical/dr-samir-chandra-roy/,scroy@iitrpr.ac.in,0000-0002-0268-3517,https://scholar.google.com/citations?user=2dNrBc0AAAAJ,,,,,https://iitrpr.ac.in/mechanical/faculty/
Satwinder Jit Singh,Mechanical Engineering,Assistant Professor,current,,https://iitrpr.ac.in/mechanical/dr-satwinder-singh/,sjsingh@iitrpr.ac.in,,https://scholar.google.com/citations?user=Ib8ETZcAAAAJ,,,,,https://iitrpr.ac.in/mechanical/faculty/
Srikant Sekhar Padhee,Mechanical Engineering,Associate Professor,current,,https://iitrpr.ac.in/mechanical/dr-srikant-padhee/,sspadhee@iitrpr.ac.in,0000-0002-7386-6644,https://scholar.google.com/citations?user=dd7TN8oAAAAJ,,,,,https://iitrpr.ac.in/mechanical/faculty/
Anshu Dhar Jayal,Mechanical Engineering,Assistant Professor,former,,,,0000-0003-1699-7581,,,,,,https://web.archive.org/web/20210424034031id_/https://www.iitrpr.ac.in/smmee/faculty
Chirodeep Bakli,Mechanical Engineering,Assistant Professor,former,2016,,,0000-0002-5882-143X,,,,,,https://web.archive.org/web/20180715015327id_/http://www.iitrpr.ac.in:80/smmee/faculty
Christopher Berndt,Mechanical Engineering,Listed on SMMEE faculty page (likely adjunct/visiting),former,,,,,,,,,,https://web.archive.org/web/20200701203439id_/http://www.iitrpr.ac.in:80/smmee/faculty
Jagjit Singh Srai,Mechanical Engineering,Listed on SMMEE faculty page (likely adjunct/visiting),former,,,,,,,,,,https://web.archive.org/web/20200701203439id_/http://www.iitrpr.ac.in:80/smmee/faculty
Purbarun Dhar,Mechanical Engineering,Assistant Professor (Visiting Faculty 2015-16),former,2015,,,,,,,,,https://web.archive.org/web/20190714045319id_/http://www.iitrpr.ac.in:80/smmee/faculty
Ramjee Repaka,Mechanical Engineering,Associate Professor (also CBME),former,2015,,ramjee.repaka@iitrpr.ac.in,0000-0003-4488-0962,,,,,,https://web.archive.org/web/20220319165744id_/https://www.iitrpr.ac.in/cbme/faculty
Sarit Kumar Das,Mechanical Engineering,Professor and Director (2014-2021),former,2014,,,,,,,,,https://web.archive.org/web/2024id_/http://www.iitrpr.ac.in/sites/default/files/IIT%20ropar%20Annual%20Report%202018-19.pdf
Abhishek Tiwari,Metallurgical and Materials Engineering,Assistant Professor,current,2020,https://sites.google.com/iitrpr.ac.in/atiwari,abhishek.tiwari@iitrpr.ac.in,,,,,,https://sites.google.com/view/cfmlab,https://mme.iitrpr.ac.in/people/faculty
Avala Lavakumar,Metallurgical and Materials Engineering,Assistant Professor,current,2023,https://sites.google.com/iitrpr.ac.in/lava/home,lava@iitrpr.ac.in,0000-0001-8287-8607,,,,,https://iitrpr.ac.in/riselab/,https://mme.iitrpr.ac.in/people/faculty
Hariprasad Gopalan,Metallurgical and Materials Engineering,Assistant Professor,current,2023,https://sites.google.com/iitrpr.ac.in/harigopalan?usp=sharing,hariprasad.gopalan@iitrpr.ac.in,0009-0002-8368-1827,,,,,https://sites.google.com/iitrpr.ac.in/harigopalan?usp=sharing,https://mme.iitrpr.ac.in/people/faculty
Khushboo Rakha,Metallurgical and Materials Engineering,Assistant Professor,current,2019,https://sites.google.com/iitrpr.ac.in/krakha,krakha@iitrpr.ac.in,,,,,,https://sites.google.com/iitrpr.ac.in/krakha,https://mme.iitrpr.ac.in/people/faculty
Neha Sardana,Metallurgical and Materials Engineering,Associate Professor (Head of Department),current,2018,https://sites.google.com/iitrpr.ac.in/nsardana/,nsardana@iitrpr.ac.in,,,,,,https://sites.google.com/site/nsardanagroup/home,https://mme.iitrpr.ac.in/people/faculty
Nitish Bibhanshu,Metallurgical and Materials Engineering,Assistant Professor,current,,https://sites.google.com/iitrpr.ac.in/iitroparmaterials/home,nitish.bibhanshu@iitrpr.ac.in,0000-0001-5686-069X,https://scholar.google.com/citations?user=M6_xw_sAAAAJ,,57193029022,,https://www.nitishbibhanshu.com/,https://mme.iitrpr.ac.in/people/faculty
Poonam Yadav,Metallurgical and Materials Engineering,DST-Inspire Faculty,current,2025,https://sites.google.com/iitrpr.ac.in/iitroparmaterials-poonam-yadav/home?authuser=2,poonam.yadav@iitrpr.ac.in,,,,,,https://sites.google.com/iitrpr.ac.in/iitroparmaterials-poonam-yadav/home?authuser=2,https://mme.iitrpr.ac.in/people/faculty
Pratik K. Ray,Metallurgical and Materials Engineering,Associate Professor,current,2019,https://sites.google.com/iitrpr.ac.in/pratik-ray,pratik@iitrpr.ac.in,0000-0002-8365-0126,,,,,https://sites.google.com/iitrpr.ac.in/ideas-lab/home,https://mme.iitrpr.ac.in/people/faculty
Prince Kumar Singh,Metallurgical and Materials Engineering,Assistant Professor,current,2019,https://sites.google.com/iitrpr.ac.in/pksingh,princeks@iitrpr.ac.in,0000-0001-8192-0279,,,,,https://sites.google.com/iitrpr.ac.in/pmr-lab/home,https://mme.iitrpr.ac.in/people/faculty
Rajiv Kumar,Metallurgical and Materials Engineering,Assistant Professor,current,2022,https://sites.google.com/iitrpr.ac.in/rajivkumar,krajiv@iitrpr.ac.in,,,,,,https://sites.google.com/iitrpr.ac.in/rajivkumar,https://mme.iitrpr.ac.in/people/faculty
Ravi Mohan Prasad,Metallurgical and Materials Engineering,Associate Professor,current,,https://sites.google.com/iitrpr.ac.in/rmprasad,ravimohan.prasad@iitrpr.ac.in,0000-0003-3874-5502,,,,,https://sites.google.com/iitrpr.ac.in/rmprasad,https://mme.iitrpr.ac.in/people/faculty
Sambit Bapari,Metallurgical and Materials Engineering,Assistant Professor,current,2025,https://sites.google.com/iitrpr.ac.in/sambit-bapari?usp=sharing,sambit.bapari@iitrpr.ac.in,0000-0003-4502-1596,,,,,https://sites.google.com/iitrpr.ac.in/sambit-bapari?usp=sharing,https://mme.iitrpr.ac.in/people/faculty
Suman Kumari Mishra,Metallurgical and Materials Engineering,Adjunct Professor,adjunct,,https://sites.google.com/d/1lLxq7bzFdsKawyo4AV0fReYtxSY5205O/p/1nLQD9tYy7rnA98qblsgw-eyVHP7QOrTp/edit,,,,,,,https://sites.google.com/d/1lLxq7bzFdsKawyo4AV0fReYtxSY5205O/p/1nLQD9tYy7rnA98qblsgw-eyVHP7QOrTp/edit,https://mme.iitrpr.ac.in/people/faculty
Kasturi Sala,Metallurgical and Materials Engineering,Ramanujan Fellow,former,,https://sites.google.com/iitrpr.ac.in/iit-ropar-materials?usp=sharing,,,,,,,https://sites.google.com/iitrpr.ac.in/iit-ropar-materials?usp=sharing,https://mme.iitrpr.ac.in/people/faculty
Priya Ghatwai,Metallurgical and Materials Engineering,Visiting Faculty,former,2018,,,,,,,,,https://web.archive.org/web/2024id_/http://www.iitrpr.ac.in/sites/default/files/IIT%20Ropar%20Annual%20Report%20Final.pdf
Asoka Biswas,Physics,Associate Professor,current,,https://www.iitrpr.ac.in/physics/Faculties/abiswas.php,abiswas@iitrpr.ac.in,0000-0002-3137-5783,https://scholar.google.com/citations?user=mnZEP0UAAAAJ,,,https://iitrpr.irins.org/profile/99652,,https://www.iitrpr.ac.in/physics/People/faculty.php
Danveer Singh,Physics,Assistant Professor,current,2023,https://www.iitrpr.ac.in/physics/Faculties/dsingh.php,danveer.singh@iitrpr.ac.in,,https://scholar.google.com/citations?user=faxJPPoAAAAJ,,,,,https://www.iitrpr.ac.in/physics/People/faculty.php
Debangsu Roy,Physics,Assistant Professor,current,2018,https://www.iitrpr.ac.in/physics/Faculties/droy.php,debangsu@iitrpr.ac.in,,https://scholar.google.com/citations?user=Stq0ivYAAAAJ,,,,,https://www.iitrpr.ac.in/physics/People/faculty.php
Deepika Choudhury,Physics,Assistant Professor,current,2018,https://www.iitrpr.ac.in/physics/Faculties/dchoudhary.php,deepika.choudhury@iitrpr.ac.in,,https://scholar.google.com/citations?user=tLqGYaUAAAAJ,,,https://iitrpr.irins.org/profile/105199,,https://www.iitrpr.ac.in/physics/People/faculty.php
Gagan Kumar,Physics,Professor & Head,current,,https://www.iitrpr.ac.in/physics/Faculties/gkumar.php,gk@iitrpr.ac.in,0000-0001-5867-0670,https://scholar.google.com/citations?user=YqHz-B4AAAAJ,,,https://iitrpr.irins.org/profile/652895,,https://www.iitrpr.ac.in/physics/People/faculty.php
Girish Kulkarni,Physics,Assistant Professor,current,2023,https://www.iitrpr.ac.in/physics/Faculties/gkulkarni.php,girishk@iitrpr.ac.in,,https://scholar.google.com/citations?user=ojDW1DIAAAAJ,,,,,https://www.iitrpr.ac.in/physics/People/faculty.php
Kailash Chandra Jena,Physics,Associate Professor & Dean FAA,current,2013,https://www.iitrpr.ac.in/physics/Faculties/kjena.php,kcjena@iitrpr.ac.in,0000-0001-6571-8329,https://scholar.google.com/citations?user=zkq6ZOUAAAAJ,,,https://iitrpr.irins.org/profile/105200,,https://www.iitrpr.ac.in/physics/People/faculty.php
Mukesh Kumar,Physics,Professor,current,,https://www.iitrpr.ac.in/physics/Faculties/mkumar.php,mkumar@iitrpr.ac.in,0000-0001-6389-2040,https://scholar.google.com/citations?user=cue0EzIAAAAJ,,,https://iitrpr.irins.org/profile/88985,,https://www.iitrpr.ac.in/physics/People/faculty.php
Pushpendra P. Singh,Physics,Associate Professor,current,2013,https://www.iitrpr.ac.in/physics/Faculties/psingh.php,pps@iitrpr.ac.in,0000-0003-3813-4322,https://scholar.google.com/citations?user=MN6JsNcAAAAJ,,,https://iitrpr.irins.org/profile/60679,,https://www.iitrpr.ac.in/physics/People/faculty.php
Rajeev Ahuja,Physics,Professor & Director of IIT Ropar,current,,https://www.iitrpr.ac.in/physics/Faculties/rahuja.php,rajeev.ahuja@iitrpr.ac.in,0000-0003-1231-9994,https://scholar.google.com/citations?user=OqyvV_oAAAAJ,,,https://iitrpr.irins.org/profile/227381,,https://www.iitrpr.ac.in/physics/People/faculty.php
Rajesh Kumar Gupta,Physics,Assistant Professor,current,2019,https://www.iitrpr.ac.in/physics/Faculties/rgupta.php,rajesh.gupta@iitrpr.ac.in,,https://scholar.google.com/citations?user=p5OVisIAAAAJ,,,https://iitrpr.irins.org/profile/212276,,https://www.iitrpr.ac.in/physics/People/faculty.php
Rajesh V. Nair,Physics,Professor,current,,https://www.iitrpr.ac.in/physics/Faculties/rnair.php,rvnair@iitrpr.ac.in,0000-0001-5564-7264,https://scholar.google.com/citations?user=VayY_jEAAAAJ,,,https://iitrpr.irins.org/profile/99650,,https://www.iitrpr.ac.in/physics/People/faculty.php
Rakesh Kumar,Physics,Associate Professor,current,,https://www.iitrpr.ac.in/physics/Faculties/rkumar.php,rakesh@iitrpr.ac.in,,https://scholar.google.com/citations?user=9S614ZAAAAAJ,,,,,https://www.iitrpr.ac.in/physics/People/faculty.php
Ritu Gupta,Physics,Assistant Professor,current,2023,https://www.iitrpr.ac.in/physics/Faculties/ritugupta.php,ritu.gupta@iitrpr.ac.in,0000-0001-9918-1347,https://scholar.google.com/citations?user=1etNbKUAAAAJ,,,,,https://www.iitrpr.ac.in/physics/People/faculty.php
Sandeep Gautam,Physics,Associate Professor,current,2016,https://www.iitrpr.ac.in/physics/Faculties/sgautam.php,sandeep@iitrpr.ac.in,0000-0002-9864-6138,https://scholar.google.com/citations?user=T-Ws_JIAAAAJ,,,https://iitrpr.irins.org/profile/99648,,https://www.iitrpr.ac.in/physics/People/faculty.php
Shankhadeep Chakrabortty,Physics,Assistant Professor,current,2016,https://www.iitrpr.ac.in/physics/Faculties/schakraborotty.php,s.chakrabortty@iitrpr.ac.in,,https://scholar.google.com/citations?user=HuK1AqQAAAAJ,,,https://iitrpr.irins.org/profile/99646,,https://www.iitrpr.ac.in/physics/People/faculty.php
Shubhrangshu Dasgupta,Physics,Associate Professor,current,2009,https://www.iitrpr.ac.in/physics/Faculties/sdasgupta.php,sdasgupta@iitrpr.ac.in,0000-0001-9172-1855,https://scholar.google.com/citations?user=xPnNtbcAAAAX,,,https://iitrpr.irins.org/profile/62424,,https://www.iitrpr.ac.in/physics/People/faculty.php
Srinivasarao Konda,Physics,Assistant Professor,current,2025,https://www.iitrpr.ac.in/physics/Faculties/skonda.php,srinivasarao.konda@iitrpr.ac.in,0000-0002-9001-4857,https://scholar.google.com/citations?user=Z-QQjn4AAAAJ,,,,,https://www.iitrpr.ac.in/physics/People/faculty.php
Subhendu Sarkar,Physics,Associate Professor,current,,https://www.iitrpr.ac.in/physics/Faculties/ssarkar.php,sarkar@iitrpr.ac.in,0000-0002-5005-0554,https://scholar.google.com/citations?user=ncTlEoEAAAAJ,,,https://iitrpr.irins.org/profile/62425,,https://www.iitrpr.ac.in/physics/People/faculty.php
Vijay Singh,Physics,Assistant Professor,current,,https://www.iitrpr.ac.in/physics/Faculties/vsingh.php,vksingh@iitrpr.ac.in,0000-0001-5675-8281,https://scholar.google.com/citations?user=WbV-GqoAAAAJ,,,,,https://www.iitrpr.ac.in/physics/People/faculty.php
Vishwa Pal,Physics,Associate Professor,current,2018,https://www.iitrpr.ac.in/physics/Faculties/vpal.php,vishwa.pal@iitrpr.ac.in,0000-0002-8395-2060,https://scholar.google.com/citations?user=4TfBoFEAAAAJ,,,https://iitrpr.irins.org/profile/99651,,https://www.iitrpr.ac.in/physics/People/faculty.php
Vivekanand Shukla,Physics,Assistant Professor,current,2023,https://www.iitrpr.ac.in/physics/Faculties/vshukla.php,vivekanand.shukla@iitrpr.ac.in,0000-0001-7724-6357,https://scholar.google.com/citations?user=cDuib70AAAAJ,,,https://iitrpr.irins.org/profile/414198,,https://www.iitrpr.ac.in/physics/People/faculty.php
Abha Misra,Physics,"Adjunct Faculty (IISc Bangalore, India)",adjunct,,http://iap.iisc.ac.in/abha-misra/,,,https://scholar.google.com/citations?user=ZFbXWMEAAAAJ,,,,http://iap.iisc.ac.in/abha-misra/,https://www.iitrpr.ac.in/physics/People/adjfaculty.php
Abir De Sarkar,Physics,"Adjunct Faculty (INST Mohali, India)",adjunct,,https://www.abirdesarkar.com/,,,https://scholar.google.com/citations?user=Fd0-yu0AAAAJ,,,,https://www.abirdesarkar.com/,https://www.iitrpr.ac.in/physics/People/adjfaculty.php
Olle Eriksson,Physics,"Adjunct Faculty (Uppsala University, Sweden)",adjunct,,https://www.uu.se/en/contact-and-organisation/staff?query=AA120,,,,,,,https://www.uu.se/en/contact-and-organisation/staff?query=AA120,https://www.iitrpr.ac.in/physics/People/adjfaculty.php
Pulickel M. Ajayan,Physics,"Adjunct Faculty (Rice University, USA)",adjunct,,https://ajayan.rice.edu/pulickel-ajayan/,,,https://scholar.google.com/citations?user=Ijb0QJIAAAAJ,,,,https://ajayan.rice.edu/pulickel-ajayan/,https://www.iitrpr.ac.in/physics/People/adjfaculty.php
Puru Jena,Physics,"Adjunct Faculty (Virginia Commonwealth University, USA)",adjunct,,https://physics.vcu.edu/directory/puru-jena.php,,,https://scholar.google.com/citations?user=9a5YR2kAAAAJ,,,,https://physics.vcu.edu/directory/puru-jena.php,https://www.iitrpr.ac.in/physics/People/adjfaculty.php
Hans-Juergen Wollersheim,Physics,Visiting Professor,former,2015,,,,,,,,,https://web.archive.org/web/20180711234157id_/http://www.iitrpr.ac.in:80/physics/faculty
Ishwar Singh Tyagi,Physics,Visiting Professor,former,2018,,,,,,,,,https://www.iitrpr.ac.in/downloads/sites/default/files/Reports/Annual%20Report%202020-2021.pdf
Lakhan Bainsla,Physics,Assistant Professor (entry commented out on dept page),former,,,lakhan.bainsla@iitrpr.ac.in,0000-0001-9626-4278,https://scholar.google.com/citations?user=4mavwvYAAAAJ,,,,,https://www.iitrpr.ac.in/physics/People/faculty.php (HTML comment)
P. K. Raina,Physics,Professor,former,,,pkraina@iitrpr.ac.in,,,,,,,https://web.archive.org/web/20230131225056id_/https://www.iitrpr.ac.in/physics/faculty
R. G. Pillay,Physics,Visiting Professor,former,2018,,,,,,,,,https://www.iitrpr.ac.in/downloads/sites/default/files/IIT%20Ropar%20Annual%20Report%202022-23%20Optimized.pdf
Sourav Bhattacharya,Physics,Assistant Professor,former,2016,,,0000-0001-6475-5275,,,,,,https://web.archive.org/web/20200625195746id_/http://www.iitrpr.ac.in:80/physics/faculty
